product,rows,changed_temperature,temperature_missing,temperature_withheld
CALIFORNIA_2019S1_HOBO_QLF.csv,4704,0,0,0
ESQNORTE_2019S1_HOBO_QLF.csv,4709,0,36,0
ESQRODO_2019S1_HOBO_QLF.csv,4690,0,173,0
ESQSUL_2019S1_HOBO_QLF.csv,4655,0,66,0
FAROL_2019S1_HOBO_QLF.csv,2033,0,0,0
PAB3_2019S1_HOBO_QLF.csv,3193,0,0,0
PNOR_2019S1_HOBO_QLF.csv,4776,0,0,0
SGOM_2019S1_HOBO_QLF.csv,4725,0,0,0
CALIFORNIA_2019S2_HOBO_QLF.csv,1713,0,0,0
PAB3_2019S2_HOBO_1_TEMP_ONLY_QLF.csv,17670,0,0,0
PLES_2019S2_HOBO_QLF.csv,7215,0,0,0
SGOM_2019S2_HOBO_QLF.csv,1913,0,0,0
TIM2_2019S2_HOBO_QLF.csv,7131,0,0,0
ESQSUL_2020S1_HOBO_1_QLF.csv,278,0,0,0
ESQSUL_2020S1_HOBO_2_QLF.csv,4025,0,0,0
PAB3_2020S1_HOBO_QLF.csv,9029,0,704,0
PNOR_2020S1_HOBO_QLF.csv,2241,0,0,0
RODORASO_2020S1_HOBO_QLF.csv,2917,0,0,0
ESQNORTE_2021S1_HOBO_1_QLF.csv,8300,0,0,0
ESQNORTE_2021S1_HOBO_2_QLF.csv,5930,0,0,0
ESQSUL2_2021S1_HOBO_QLF.csv,4241,0,86,0
PAB3_2021S1_HOBO_1_QLF.csv,5615,0,0,0
PAB3_2021S1_HOBO_2_QLF.csv,4130,0,0,0
PAB3_2021S1_HOBO_3_QLF.csv,4370,0,0,0
PLES_2021S1_HOBO_1_QLF.csv,225,0,0,0
PLES_2021S1_HOBO_2_QLF.csv,5665,0,0,0
RODORASO_2021S1_HOBO_QLF.csv,5500,0,0,0
ESQNORTE_2021S2_HOBO_QLF.csv,2092,0,0,0
PAB3_2021S2_HOBO_QLF.csv,1237,0,0,0
PLES_2021S2_HOBO_QLF.csv,1168,113,115,113
PNOR_2021S2_HOBO_QLF.csv,1261,0,0,0
RODORASO_2021S2_HOBO_QLF.csv,1156,0,1,0
SGOM_2021S2_HOBO_QLF.csv,1132,0,0,0
TIM2_2021S2_HOBO_QLF.csv,1211,0,0,0
ESQRODO_2022S1_HOBO_QLF.csv,4551,0,0,0
ESQSUL2_2022S1_HOBO_QLF.csv,4599,0,0,0
PAB3_2022S1_HOBO_QLF.csv,2539,2326,2326,2326
PLES_2022S1_HOBO_QLF.csv,2501,0,0,0
PNOR_2022S1_HOBO_1_QLF.csv,2586,0,0,0
PNOR_2022S1_HOBO_2_QLF.csv,455,0,0,0
SGOM_2022S1_HOBO_QLF.csv,2544,0,0,0
TIM2_2022S1_HOBO_QLF.csv,2425,0,1,0
ESQNORTE_2022S2_HOBO_1_QLF.csv,2360,0,0,0
ESQNORTE_2022S2_HOBO_2_QLF.csv,2274,0,176,0
ESQSUL_2022S2_HOBO_QLF.csv,2408,0,0,0
PAB3_2022S2_HOBO_1_QLF.csv,2437,0,0,0
PAB3_2022S2_HOBO_2_QLF.csv,2286,2091,2091,2091
PLES_2022S2_HOBO_QLF.csv,2290,0,0,0
PNOR_2022S2_HOBO_QLF.csv,2133,0,0,0
SGOM_2022S2_HOBO_QLF.csv,4418,0,0,0
CALIFORNIA_2023S1_HOBO_QLF.csv,7847,0,661,0
ESQNORTE_2023S1_HOBO_QLF.csv,2219,1452,1472,1452
ESQRODO_2023S1_HOBO_QLF.csv,2062,103,107,103
ESQSUL_2023S1_HOBO_QLF.csv,2073,0,6,0
ESQSUL2_2023S1_HOBO_QLF.csv,2089,0,1,0
PAB2_2023S1_HOBO_QLF.csv,2423,0,1,0
PAB3_2023S1_HOBO_QLF.csv,2363,0,2,0
PLES_2023S1_HOBO_QLF.csv,2350,0,0,0
PNOR_2023S1_HOBO_QLF.csv,2452,0,0,0
RODORASO_2023S1_HOBO_QLF.csv,2293,0,0,0
TIM2_2023S1_HOBO_QLF.csv,2267,0,0,0
ESQNORTE_2023S2_HOBO_QLF.csv,2621,0,0,0
ESQRODO_2023S2_HOBO_QLF.csv,2676,0,0,0
ESQSUL_2023S2_HOBO_QLF.csv,4971,0,247,0
PAB3_2023S2_HOBO_QLF.csv,2316,0,6,0
PLES_2023S2_HOBO_QLF.csv,2354,0,0,0
PNOR_2023S2_HOBO_QLF.csv,2320,0,0,0
RODORASO_2023S2_HOBO_1_QLF.csv,2526,0,0,0
SGOM_2023S2_HOBO_QLF.csv,2306,584,584,584
ESQCENTRAL_2024S1_HOBO_QLF.csv,1926,1567,1567,1567
ESQSUL_2024S1_HOBO_QLF.csv,2160,0,4,0
PAB3_2024S1_HOBO_QLF.csv,1867,0,0,0
PLES_2024S1_HOBO_TEMP_ONLY_QLF.csv,3938,0,0,0
PNOR_2024S1_HOBO_QLF.csv,1767,1289,1290,1289
RODORASO_2024S1_HOBO_QLF.csv,3570,0,0,0
SGOM_2024S1_HOBO_QLF.csv,2008,0,1,0
PAB3_2024S2_HOBO_1_QLF.csv,1749,0,0,0
PAB3_2024S2_HOBO_2_QLF.csv,2231,0,0,0
PLES_2024S2_HOBO_1_QLF.csv,1121,0,0,0
PLES_2024S2_HOBO_2_QLF.csv,1968,0,0,0
PNOR_2024S2_HOBO_QLF.csv,2184,0,0,0
RODORASO_2024S2_HOBO_QLF.csv,2148,0,0,0
SGOM_2024S2_HOBO_QLF.csv,1980,0,0,0
TIM2_2024S2_HOBO_QLF.csv,2097,0,0,0
ESQCENTRAL_2025S1_HOBO_1_QLF.csv,677,0,0,0
ESQCENTRAL_2025S1_HOBO_2_QLF.csv,2368,0,0,0
ESQNORTE_2025S1_HOBO_QLF.csv,2414,0,0,0
ESQRODO_2025S1_HOBO_1_QLF.csv,6057,0,337,0
ESQRODO_2025S1_HOBO_2_QLF.csv,4138,0,0,0
ESQSUL_2025S1_HOBO_1_QLF.csv,2388,0,0,0
ESQSUL_2025S1_HOBO_2_QLF.csv,1678,0,0,0
PAB3_2025S1_HOBO_QLF.csv,2302,0,0,0
PLES_2025S1_HOBO_QLF.csv,2309,1880,1880,1880
PNOR_2025S1_HOBO_QLF.csv,2327,0,0,0
RODORASO_2025S1_HOBO_QLF.csv,2340,1219,1220,1219
SGOM_2025S1_HOBO_QLF.csv,2328,0,0,0
TIM2_2025S1_HOBO_QLF.csv,2355,191,192,191
ESQNORTE_2025S2_HOBO_QLF.csv,2127,296,347,296
ESQRODO_2025S2_HOBO_QLF.csv,2149,0,0,0
PAB3_2025S2_HOBO_QLF.csv,2157,1517,1517,1517
PLES_2025S2_HOBO_QLF.csv,2208,0,0,0
PNOR_2025S2_HOBO_QLF.csv,2167,329,329,329
SGOM_2025S2_HOBO_QLF.csv,1461,0,0,0
TIM2_2025S2_HOBO_QLF.csv,2146,1344,1344,1344
ESQNORTE_2026S1_HOBO_QLF.csv,2168,0,0,0
ESQRODO_2026S1_HOBO_QLF.csv,2172,0,83,0
ESQSUL_2026S1_HOBO_QLF.csv,4285,0,0,0
PAB3_2026S1_HOBO_QLF.csv,4269,0,24,0
PLES_2026S1_HOBO_1_QLF.csv,1902,0,0,0
PLES_2026S1_HOBO_2_QLF.csv,2127,0,0,0
PNOR_2026S1_HOBO_QLF.csv,4236,1819,1819,1819
SGOM_2026S1_HOBO_QLF.csv,2254,0,0,0
TIM2_2026S1_HOBO_QLF.csv,4358,0,0,0
