decision_id,source_file,variable,start,end,action,reason,reviewer,reviewed_at
legacy-01,HOBO1_PLES_A1_17032022_22092022.xlsx,*,,,exclude,"faulty sensor: from ~2022-05-01 it loses the seasonal signal (flat 28.5-29.8 degC, even rising to 29.79 in September) while its twin and SEVEN contemporaneous loggers at other sites all cool 28.5->24.4 degC. Change-correlation with the regional signal 0.10 (twin: 0.92), bias +2.42 degC, own seasonal amplitude 0.35x regional. Its own individual QC passed it as GOOD - no single-series test catches a sensor stuck on a plausible value.",Historical corpus decision; see CORPUS_LOG.md,2026-09-03
legacy-02,PAB_RRDM_290120_110521.csv,*,,,exclude,"replicate referee (v9.0): change-correlation with the independent reference -0.24 (twin +0.91), bias +1.07 degC - it does not follow the regional signal at all.",Historical corpus decision; see CORPUS_LOG.md,2026-09-03
legacy-03,HOBO2_PAB3_A3_181023_220324.xlsx,*,,,exclude,"replicate referee (v9.0): change-correlation +0.35 (twin +0.94), bias +0.90 degC.",Historical corpus decision; see CORPUS_LOG.md,2026-09-03
legacy-04,HOBO1_PLES_A1_181023_300324_duvidoso.xlsx,*,,,exclude,"replicate referee (v9.0): seasonal swing 3.76x the reference (twin 1.48x) with correlation +0.92 vs +1.00 - an exaggerated amplitude. The field name already reads ""duvidoso"" (doubtful).",Historical corpus decision; see CORPUS_LOG.md,2026-09-03
legacy-05,HOBO1_ESQNORTE_B2_290824_180325 (ERRO).xlsx,*,,,exclude,"replicate referee (v9.0): change-correlation +0.47 (twin +0.88), bias +4.81 degC - the largest offset in the corpus. The field name already reads ""(ERRO)"".",Historical corpus decision; see CORPUS_LOG.md,2026-09-03
legacy-06,HOBO1_ESQRODO_B1_160325_110925.xlsx,*,,,exclude,"replicate referee (v9.0): change-correlation -0.20 (twin +0.89), bias +3.15 degC - it moves against the regional signal.",Historical corpus decision; see CORPUS_LOG.md,2026-09-03
legacy-07,HOBO#02_Ref.EsquecidoSul_RRDM_04022020_240221.csv,*,,,exclude,"rejected logger: temperature -84.77..156.53 degC across three independent exports (failed sensor), clock +12 h out of phase, and only 67% of steps on the sampling interval. Owner decision 2026-08-11.",Historical corpus decision; see CORPUS_LOG.md,2026-09-03
legacy-08,HOBO#02_Ref.EsquecidoSul_RRDM_04022020_240221.xlsx,*,,,exclude,rejected logger: the re-export of the same failed sensor - see the .csv entry above. Owner decision 2026-08-11.,Historical corpus decision; see CORPUS_LOG.md,2026-09-03
sgom-2026s1-temperature,HOBO1_SGOM_A2_110925_ERRO.xlsx,Temperature (degC),,,exclude,Owner-approved temperature exclusion after the 2026-09-03 audit; paired spread reached 9.750 degC. See diagnostics/sgom_2025_h2_20260903.,Archive owner,2026-09-03
