product,start,end,paired_samples,duration_hours,max_spread_degC,sustained
ESQCENTRAL_2024S1_HOBO_QLF,2023-11-25 13:24:19,2023-11-25 13:24:19,1,0.0,0.5909999999999975,False
ESQCENTRAL_2024S1_HOBO_QLF,2023-11-25 17:24:19,2024-04-05 04:24:19,1579,3155.0,11.009999999999998,True
ESQNORTE_2019S1_HOBO_QLF,2018-03-10 12:00:00,2018-03-10 12:00:00,1,0.0,0.6039999999999992,False
ESQNORTE_2022S2_HOBO_2_QLF,2022-03-14 12:07:17,2022-09-19 18:07:17,2272,4542.0,375.468,True
ESQNORTE_2023S1_HOBO_QLF,2022-09-19 00:54:53,2022-09-19 00:54:53,1,0.0,0.5750000000000028,False
ESQNORTE_2023S1_HOBO_QLF,2022-10-13 06:54:53,2022-10-13 12:54:53,4,6.0,0.5859999999999985,False
ESQNORTE_2023S1_HOBO_QLF,2022-10-13 16:54:53,2022-10-13 20:54:53,3,4.0,0.5859999999999985,False
ESQNORTE_2023S1_HOBO_QLF,2022-10-14 00:54:53,2022-10-14 02:54:53,2,2.0,0.5859999999999985,False
ESQNORTE_2023S1_HOBO_QLF,2022-10-14 06:54:53,2023-03-23 08:54:53,1922,3842.0,20.824,True
ESQNORTE_2025S2_HOBO_QLF,2025-07-15 01:10:24,2025-07-15 01:10:24,1,0.0,0.5790000000000006,False
ESQNORTE_2025S2_HOBO_QLF,2025-07-15 07:10:24,2025-07-15 07:10:24,1,0.0,0.5790000000000006,False
ESQNORTE_2025S2_HOBO_QLF,2025-07-17 09:10:24,2025-07-17 09:10:24,1,0.0,0.5800000000000018,False
ESQNORTE_2025S2_HOBO_QLF,2025-07-18 05:10:24,2025-07-18 05:10:24,1,0.0,0.5800000000000018,False
ESQNORTE_2025S2_HOBO_QLF,2025-07-19 11:10:24,2025-07-19 11:10:24,1,0.0,0.5800000000000018,False
ESQNORTE_2025S2_HOBO_QLF,2025-07-19 21:10:24,2025-07-19 21:10:24,1,0.0,0.5800000000000018,False
ESQNORTE_2025S2_HOBO_QLF,2025-07-20 01:10:24,2025-07-20 03:10:24,2,2.0,0.5800000000000018,False
ESQNORTE_2025S2_HOBO_QLF,2025-07-20 17:10:24,2025-07-20 17:10:24,1,0.0,0.5800000000000018,False
ESQNORTE_2025S2_HOBO_QLF,2025-07-21 05:10:24,2025-07-21 05:10:24,1,0.0,0.5800000000000018,False
ESQNORTE_2025S2_HOBO_QLF,2025-07-21 13:10:24,2025-07-21 15:10:24,2,2.0,0.5800000000000018,False
ESQNORTE_2025S2_HOBO_QLF,2025-07-21 23:10:24,2025-07-21 23:10:24,1,0.0,0.5800000000000018,False
ESQNORTE_2025S2_HOBO_QLF,2025-07-22 03:10:24,2025-07-22 03:10:24,1,0.0,0.5800000000000018,False
ESQNORTE_2025S2_HOBO_QLF,2025-07-22 07:10:24,2025-07-22 09:10:24,2,2.0,0.5799999999999983,False
ESQNORTE_2025S2_HOBO_QLF,2025-07-22 17:10:24,2025-07-23 01:10:24,5,8.0,0.5799999999999983,False
ESQNORTE_2025S2_HOBO_QLF,2025-07-23 07:10:24,2025-07-23 07:10:24,1,0.0,0.5800000000000018,False
ESQNORTE_2025S2_HOBO_QLF,2025-07-23 13:10:24,2025-07-23 17:10:24,3,4.0,0.5800000000000018,False
ESQNORTE_2025S2_HOBO_QLF,2025-07-24 05:10:24,2025-07-24 09:10:24,3,4.0,0.5800000000000018,False
ESQNORTE_2025S2_HOBO_QLF,2025-07-25 17:10:24,2025-07-25 17:10:24,1,0.0,0.5799999999999983,False
ESQNORTE_2025S2_HOBO_QLF,2025-07-25 23:10:24,2025-07-26 05:10:24,4,6.0,0.5799999999999983,False
ESQNORTE_2025S2_HOBO_QLF,2025-07-26 09:10:24,2025-07-26 09:10:24,1,0.0,0.5799999999999983,False
ESQNORTE_2025S2_HOBO_QLF,2025-07-26 13:10:24,2025-07-26 13:10:24,1,0.0,0.5799999999999983,False
ESQNORTE_2025S2_HOBO_QLF,2025-07-26 17:10:24,2025-07-27 03:10:24,6,10.0,0.5799999999999983,False
ESQNORTE_2025S2_HOBO_QLF,2025-07-27 07:10:24,2025-07-28 03:10:24,11,20.0,0.5799999999999983,False
ESQNORTE_2025S2_HOBO_QLF,2025-07-28 07:10:24,2025-07-29 01:10:24,10,18.0,0.5799999999999983,False
ESQNORTE_2025S2_HOBO_QLF,2025-07-29 11:10:24,2025-07-29 19:10:24,5,8.0,0.5799999999999983,False
ESQNORTE_2025S2_HOBO_QLF,2025-07-30 01:10:24,2025-07-30 03:10:24,2,2.0,0.5799999999999983,False
ESQNORTE_2025S2_HOBO_QLF,2025-07-30 23:10:24,2025-07-30 23:10:24,1,0.0,0.5800000000000018,False
ESQNORTE_2025S2_HOBO_QLF,2025-07-31 03:10:24,2025-07-31 05:10:24,2,2.0,0.5800000000000018,False
ESQNORTE_2025S2_HOBO_QLF,2025-07-31 09:10:24,2025-07-31 11:10:24,2,2.0,0.5800000000000018,False
ESQNORTE_2025S2_HOBO_QLF,2025-07-31 15:10:24,2025-08-01 01:10:24,6,10.0,0.5800000000000018,False
ESQNORTE_2025S2_HOBO_QLF,2025-08-01 05:10:24,2025-08-01 05:10:24,1,0.0,0.5790000000000006,False
ESQNORTE_2025S2_HOBO_QLF,2025-08-01 09:10:24,2025-08-01 13:10:24,3,4.0,0.5790000000000006,False
ESQNORTE_2025S2_HOBO_QLF,2025-08-01 17:10:24,2025-08-01 17:10:24,1,0.0,0.5789999999999971,False
ESQNORTE_2025S2_HOBO_QLF,2025-08-02 01:10:24,2025-08-02 01:10:24,1,0.0,0.5790000000000006,False
ESQNORTE_2025S2_HOBO_QLF,2025-08-02 05:10:24,2025-08-02 09:10:24,3,4.0,0.5789999999999971,False
ESQNORTE_2025S2_HOBO_QLF,2025-08-02 13:10:24,2025-08-02 13:10:24,1,0.0,0.5789999999999971,False
ESQNORTE_2025S2_HOBO_QLF,2025-08-02 17:10:24,2025-08-02 17:10:24,1,0.0,0.5789999999999971,False
ESQNORTE_2025S2_HOBO_QLF,2025-08-02 21:10:24,2025-08-03 03:10:24,4,6.0,0.5790000000000006,False
ESQNORTE_2025S2_HOBO_QLF,2025-08-03 07:10:24,2025-08-03 11:10:24,3,4.0,0.5790000000000006,False
ESQNORTE_2025S2_HOBO_QLF,2025-08-03 15:10:24,2025-08-03 17:10:24,2,2.0,0.5789999999999971,False
ESQNORTE_2025S2_HOBO_QLF,2025-08-03 21:10:24,2025-08-04 03:10:24,4,6.0,0.5790000000000006,False
ESQNORTE_2025S2_HOBO_QLF,2025-08-04 09:10:24,2025-08-05 07:10:24,12,22.0,0.5789999999999971,False
ESQNORTE_2025S2_HOBO_QLF,2025-08-05 11:10:24,2025-08-07 01:10:24,20,38.0,0.5799999999999983,True
ESQNORTE_2025S2_HOBO_QLF,2025-08-07 05:10:24,2025-08-07 21:10:24,9,16.0,0.5790000000000006,False
ESQNORTE_2025S2_HOBO_QLF,2025-08-08 01:10:24,2025-08-08 05:10:24,3,4.0,0.5789999999999971,False
ESQNORTE_2025S2_HOBO_QLF,2025-08-08 09:10:24,2025-08-08 11:10:24,2,2.0,0.5789999999999971,False
ESQNORTE_2025S2_HOBO_QLF,2025-08-08 17:10:24,2025-08-08 17:10:24,1,0.0,0.5799999999999983,False
ESQNORTE_2025S2_HOBO_QLF,2025-08-08 23:10:24,2025-08-09 13:10:24,8,14.0,0.5799999999999983,False
ESQNORTE_2025S2_HOBO_QLF,2025-08-09 17:10:24,2025-08-09 21:10:24,3,4.0,0.5799999999999983,False
ESQNORTE_2025S2_HOBO_QLF,2025-08-10 01:10:24,2025-08-10 01:10:24,1,0.0,0.5789999999999971,False
ESQNORTE_2025S2_HOBO_QLF,2025-08-10 05:10:24,2025-08-10 05:10:24,1,0.0,0.5789999999999971,False
ESQNORTE_2025S2_HOBO_QLF,2025-08-10 09:10:24,2025-08-10 23:10:24,8,14.0,0.5799999999999983,False
ESQNORTE_2025S2_HOBO_QLF,2025-08-11 03:10:24,2025-08-11 15:10:24,7,12.0,0.5790000000000006,False
ESQNORTE_2025S2_HOBO_QLF,2025-08-11 19:10:24,2025-08-11 23:10:24,3,4.0,0.5790000000000006,False
ESQNORTE_2025S2_HOBO_QLF,2025-08-12 03:10:24,2025-08-12 15:10:24,7,12.0,0.5790000000000006,False
ESQNORTE_2025S2_HOBO_QLF,2025-08-12 19:10:24,2025-08-13 03:10:24,5,8.0,0.5779999999999994,False
ESQNORTE_2025S2_HOBO_QLF,2025-08-13 07:10:24,2025-08-13 07:10:24,1,0.0,0.5779999999999994,False
ESQNORTE_2025S2_HOBO_QLF,2025-08-13 11:10:24,2025-08-15 03:10:24,21,40.0,0.5779999999999994,True
ESQNORTE_2025S2_HOBO_QLF,2025-08-15 07:10:24,2025-08-16 01:10:24,10,18.0,0.5790000000000006,False
ESQNORTE_2025S2_HOBO_QLF,2025-08-16 05:10:24,2025-08-16 23:10:24,10,18.0,0.5790000000000006,False
ESQNORTE_2025S2_HOBO_QLF,2025-08-17 03:10:24,2025-08-17 09:10:24,4,6.0,0.6750000000000007,False
ESQNORTE_2025S2_HOBO_QLF,2025-08-17 13:10:24,2025-08-21 03:10:24,44,86.0,0.6750000000000007,True
ESQNORTE_2025S2_HOBO_QLF,2025-08-21 07:10:24,2025-08-22 05:10:24,12,22.0,0.5779999999999994,False
ESQNORTE_2025S2_HOBO_QLF,2025-08-22 09:10:24,2025-08-24 17:10:24,29,56.0,0.5790000000000006,True
ESQNORTE_2025S2_HOBO_QLF,2025-08-24 21:10:24,2025-08-27 15:10:24,34,66.0,0.6769999999999996,True
ESQNORTE_2025S2_HOBO_QLF,2025-08-27 19:10:24,2025-08-29 11:10:24,21,40.0,0.6760000000000019,True
ESQNORTE_2025S2_HOBO_QLF,2025-08-29 17:10:24,2025-08-29 17:10:24,1,0.0,0.5800000000000018,False
ESQNORTE_2025S2_HOBO_QLF,2025-08-29 21:10:24,2025-08-30 01:10:24,3,4.0,0.5800000000000018,False
ESQNORTE_2025S2_HOBO_QLF,2025-08-30 07:10:24,2025-09-11 11:10:24,147,292.0,0.6789999999999985,True
ESQNORTE_2025S2_HOBO_QLF,2025-09-11 15:10:24,2025-09-11 15:10:24,1,0.0,0.7829999999999977,False
ESQRODO_2023S1_HOBO_QLF,2022-12-14 20:45:01,2022-12-15 00:45:01,3,4.0,0.5820000000000007,False
ESQRODO_2023S1_HOBO_QLF,2022-12-17 18:45:01,2022-12-19 06:45:01,19,36.0,0.777000000000001,True
ESQRODO_2023S1_HOBO_QLF,2022-12-19 12:45:01,2022-12-19 12:45:01,1,0.0,0.583000000000002,False
ESQRODO_2023S1_HOBO_QLF,2022-12-19 18:45:01,2022-12-19 18:45:01,1,0.0,0.583000000000002,False
ESQRODO_2023S1_HOBO_QLF,2022-12-20 02:45:01,2022-12-20 04:45:01,2,2.0,0.777000000000001,False
ESQRODO_2023S1_HOBO_QLF,2022-12-20 08:45:01,2022-12-20 22:45:01,8,14.0,0.777000000000001,False
ESQRODO_2023S1_HOBO_QLF,2022-12-21 02:45:01,2022-12-21 02:45:01,1,0.0,0.5809999999999995,False
ESQRODO_2023S1_HOBO_QLF,2022-12-21 06:45:01,2022-12-21 08:45:01,2,2.0,0.5809999999999995,False
ESQRODO_2023S1_HOBO_QLF,2022-12-21 16:45:01,2022-12-22 12:45:01,11,20.0,0.7750000000000021,False
ESQRODO_2023S1_HOBO_QLF,2022-12-22 22:45:01,2022-12-23 10:45:01,7,12.0,0.6769999999999996,False
ESQRODO_2023S1_HOBO_QLF,2022-12-23 16:45:01,2022-12-23 20:45:01,3,4.0,0.5799999999999983,False
ESQRODO_2023S1_HOBO_QLF,2022-12-25 04:45:01,2022-12-25 04:45:01,1,0.0,0.5799999999999983,False
ESQRODO_2023S1_HOBO_QLF,2022-12-25 20:45:01,2022-12-25 20:45:01,1,0.0,0.5799999999999983,False
ESQRODO_2023S1_HOBO_QLF,2022-12-26 00:45:01,2022-12-26 00:45:01,1,0.0,0.5800000000000018,False
ESQRODO_2023S1_HOBO_QLF,2022-12-27 22:45:01,2022-12-27 22:45:01,1,0.0,0.5790000000000006,False
ESQRODO_2023S1_HOBO_QLF,2022-12-28 02:45:01,2022-12-28 02:45:01,1,0.0,0.5790000000000006,False
ESQRODO_2023S1_HOBO_QLF,2022-12-28 08:45:01,2022-12-28 10:45:01,2,2.0,0.5799999999999983,False
ESQRODO_2023S1_HOBO_QLF,2022-12-28 14:45:01,2022-12-30 02:45:01,19,36.0,0.6769999999999996,True
ESQRODO_2023S1_HOBO_QLF,2022-12-30 06:45:01,2022-12-30 12:45:01,4,6.0,0.5800000000000018,False
ESQRODO_2023S1_HOBO_QLF,2022-12-30 18:45:01,2023-01-04 06:45:01,55,108.0,0.8709999999999987,True
ESQRODO_2023S1_HOBO_QLF,2023-01-04 12:45:01,2023-01-04 12:45:01,1,0.0,0.5809999999999995,False
ESQRODO_2023S1_HOBO_QLF,2023-01-04 22:45:01,2023-01-05 18:45:01,11,20.0,0.8739999999999988,False
ESQRODO_2023S1_HOBO_QLF,2023-01-06 00:45:01,2023-01-06 08:45:01,5,8.0,0.6810000000000009,False
ESQRODO_2023S1_HOBO_QLF,2023-01-06 12:45:01,2023-01-06 18:45:01,4,6.0,0.6799999999999997,False
ESQRODO_2023S1_HOBO_QLF,2023-01-07 02:45:01,2023-01-07 08:45:01,4,6.0,0.6799999999999997,False
ESQRODO_2023S1_HOBO_QLF,2023-01-07 12:45:01,2023-01-07 12:45:01,1,0.0,0.583000000000002,False
ESQRODO_2023S1_HOBO_QLF,2023-01-07 16:45:01,2023-01-07 20:45:01,3,4.0,0.6799999999999997,False
ESQRODO_2023S1_HOBO_QLF,2023-01-08 00:45:01,2023-01-08 16:45:01,9,16.0,0.6810000000000009,False
ESQRODO_2023S1_HOBO_QLF,2023-01-08 20:45:01,2023-01-10 00:45:01,15,28.0,0.7780000000000022,True
ESQRODO_2023S1_HOBO_QLF,2023-01-10 04:45:01,2023-01-11 10:45:01,16,30.0,0.6810000000000009,True
ESQRODO_2023S1_HOBO_QLF,2023-01-11 16:45:01,2023-01-11 18:45:01,2,2.0,0.583000000000002,False
ESQRODO_2023S1_HOBO_QLF,2023-01-14 04:45:01,2023-01-14 14:45:01,6,10.0,0.583000000000002,False
ESQRODO_2023S1_HOBO_QLF,2023-01-14 20:45:01,2023-01-15 04:45:01,5,8.0,0.6799999999999997,False
ESQRODO_2023S1_HOBO_QLF,2023-01-15 16:45:01,2023-01-15 16:45:01,1,0.0,0.583000000000002,False
ESQRODO_2023S1_HOBO_QLF,2023-01-16 10:45:01,2023-01-17 04:45:01,10,18.0,0.6810000000000009,False
ESQRODO_2023S1_HOBO_QLF,2023-01-17 10:45:01,2023-01-17 18:45:01,5,8.0,0.583000000000002,False
ESQRODO_2023S1_HOBO_QLF,2023-01-17 22:45:01,2023-01-17 22:45:01,1,0.0,0.583000000000002,False
ESQRODO_2023S1_HOBO_QLF,2023-01-18 20:45:01,2023-01-19 06:45:01,6,10.0,0.5829999999999984,False
ESQRODO_2023S1_HOBO_QLF,2023-01-19 12:45:01,2023-01-19 12:45:01,1,0.0,0.583000000000002,False
ESQRODO_2023S1_HOBO_QLF,2023-01-21 00:45:01,2023-01-21 04:45:01,3,4.0,0.5839999999999996,False
ESQRODO_2023S1_HOBO_QLF,2023-01-21 08:45:01,2023-01-21 08:45:01,1,0.0,0.5839999999999996,False
ESQRODO_2023S1_HOBO_QLF,2023-01-22 16:45:01,2023-01-22 16:45:01,1,0.0,0.5850000000000009,False
ESQRODO_2023S1_HOBO_QLF,2023-01-23 06:45:01,2023-01-23 06:45:01,1,0.0,0.5839999999999996,False
ESQRODO_2023S1_HOBO_QLF,2023-01-25 20:45:01,2023-01-25 22:45:01,2,2.0,0.583000000000002,False
ESQRODO_2023S1_HOBO_QLF,2023-01-27 06:45:01,2023-01-27 06:45:01,1,0.0,0.5839999999999996,False
ESQRODO_2023S1_HOBO_QLF,2023-01-27 12:45:01,2023-01-27 14:45:01,2,2.0,0.5850000000000009,False
ESQRODO_2023S1_HOBO_QLF,2023-01-28 12:45:01,2023-01-28 16:45:01,3,4.0,0.6820000000000022,False
ESQRODO_2023S1_HOBO_QLF,2023-01-28 20:45:01,2023-01-28 22:45:01,2,2.0,0.5839999999999996,False
ESQRODO_2023S1_HOBO_QLF,2023-01-30 18:45:01,2023-01-30 18:45:01,1,0.0,0.5820000000000007,False
ESQRODO_2023S1_HOBO_QLF,2023-02-01 04:45:01,2023-02-01 10:45:01,4,6.0,0.5809999999999995,False
ESQRODO_2023S1_HOBO_QLF,2023-02-01 14:45:01,2023-02-01 14:45:01,1,0.0,0.5809999999999995,False
ESQRODO_2023S1_HOBO_QLF,2023-02-03 12:45:01,2023-02-03 20:45:01,5,8.0,0.5809999999999995,False
ESQRODO_2023S1_HOBO_QLF,2023-02-07 08:45:01,2023-02-07 08:45:01,1,0.0,0.5799999999999983,False
ESQRODO_2023S1_HOBO_QLF,2023-02-14 06:45:01,2023-02-14 06:45:01,1,0.0,0.5809999999999995,False
ESQRODO_2023S1_HOBO_QLF,2023-02-20 06:45:01,2023-02-20 06:45:01,1,0.0,0.5820000000000007,False
ESQRODO_2023S1_HOBO_QLF,2023-03-03 11:45:01,2023-03-03 11:45:01,1,0.0,0.5820000000000007,False
ESQRODO_2023S1_HOBO_QLF,2023-03-03 15:45:01,2023-03-03 15:45:01,1,0.0,0.5820000000000007,False
ESQRODO_2023S1_HOBO_QLF,2023-03-03 19:45:01,2023-03-03 21:45:01,2,2.0,0.5820000000000007,False
ESQRODO_2023S1_HOBO_QLF,2023-03-04 01:45:01,2023-03-04 01:45:01,1,0.0,0.5820000000000007,False
ESQRODO_2023S1_HOBO_QLF,2023-03-04 13:45:01,2023-03-04 13:45:01,1,0.0,0.5820000000000007,False
ESQRODO_2023S1_HOBO_QLF,2023-03-05 11:45:01,2023-03-05 11:45:01,1,0.0,0.5820000000000007,False
ESQRODO_2023S1_HOBO_QLF,2023-03-05 15:45:01,2023-03-05 17:45:01,2,2.0,0.5820000000000007,False
ESQRODO_2023S1_HOBO_QLF,2023-03-05 21:45:01,2023-03-05 23:45:01,2,2.0,0.5820000000000007,False
ESQRODO_2023S1_HOBO_QLF,2023-03-07 15:45:01,2023-03-07 15:45:01,1,0.0,0.5820000000000007,False
ESQSUL_2019S1_HOBO_QLF,2019-04-02 16:00:00,2019-04-02 16:00:00,1,0.0,0.6890000000000001,False
ESQSUL_2023S1_HOBO_QLF,2023-03-18 10:42:24,2023-03-18 14:42:24,3,4.0,1.2010000000000003,False
ESQSUL_2023S2_HOBO_QLF,2023-10-10 13:06:24,2023-10-10 14:06:24,2,1.0,0.8719999999999999,False
ESQSUL_2024S1_HOBO_QLF,2024-03-05 12:31:49,2024-03-05 12:31:49,1,0.0,0.5899999999999999,False
ESQSUL_2024S1_HOBO_QLF,2024-03-09 12:31:49,2024-03-09 12:31:49,1,0.0,0.5889999999999986,False
ESQSUL_2024S1_HOBO_QLF,2024-03-09 16:31:49,2024-03-09 16:31:49,1,0.0,0.5889999999999986,False
ESQSUL_2024S1_HOBO_QLF,2024-03-12 00:31:49,2024-03-12 00:31:49,1,0.0,0.5899999999999999,False
ESQSUL_2024S1_HOBO_QLF,2024-03-17 04:31:49,2024-03-17 04:31:49,1,0.0,0.5899999999999999,False
ESQSUL_2024S1_HOBO_QLF,2024-03-19 10:31:49,2024-03-19 10:31:49,1,0.0,0.6870000000000012,False
ESQSUL_2024S1_HOBO_QLF,2024-03-19 18:31:49,2024-03-19 18:31:49,1,0.0,0.5869999999999997,False
ESQSUL_2024S1_HOBO_QLF,2024-03-20 14:31:49,2024-03-20 14:31:49,1,0.0,0.5869999999999997,False
ESQSUL_2024S1_HOBO_QLF,2024-03-21 10:31:49,2024-03-21 10:31:49,1,0.0,0.5859999999999985,False
ESQSUL_2024S1_HOBO_QLF,2024-03-22 12:31:49,2024-03-22 12:31:49,1,0.0,0.5839999999999996,False
ESQSUL_2024S1_HOBO_QLF,2024-03-23 14:31:49,2024-03-23 14:31:49,1,0.0,0.5839999999999996,False
ESQSUL_2024S1_HOBO_QLF,2024-03-28 08:31:49,2024-03-28 08:31:49,1,0.0,0.5869999999999997,False
ESQSUL_2024S1_HOBO_QLF,2024-03-31 10:31:49,2024-03-31 10:31:49,1,0.0,0.5899999999999999,False
ESQSUL_2024S1_HOBO_QLF,2024-03-31 14:31:49,2024-03-31 14:31:49,1,0.0,0.5899999999999999,False
ESQSUL_2024S1_HOBO_QLF,2024-04-07 06:31:49,2024-04-07 06:31:49,1,0.0,0.5949999999999989,False
PAB2_2023S1_HOBO_QLF,2023-04-13 13:03:02,2023-04-13 17:03:02,3,4.0,1.9659999999999973,False
PAB3_2020S1_HOBO_QLF,2019-09-11 09:00:00,2019-09-11 12:00:00,7,3.0,0.6810000000000009,False
PAB3_2020S1_HOBO_QLF,2019-09-12 09:00:00,2019-09-12 09:30:00,2,0.5,0.6799999999999997,False
PAB3_2020S1_HOBO_QLF,2019-09-12 10:30:00,2019-09-12 12:00:00,4,1.5,0.6810000000000009,False
PAB3_2020S1_HOBO_QLF,2019-09-13 09:00:00,2019-09-13 11:30:00,6,2.5,0.7780000000000022,False
PAB3_2020S1_HOBO_QLF,2019-09-14 09:00:00,2019-09-14 11:30:00,6,2.5,0.6819999999999986,False
PAB3_2020S1_HOBO_QLF,2019-09-15 09:00:00,2019-09-15 11:30:00,6,2.5,0.6820000000000022,False
PAB3_2020S1_HOBO_QLF,2019-09-16 10:30:00,2019-09-16 10:30:00,1,0.0,0.5850000000000009,False
PAB3_2020S1_HOBO_QLF,2019-09-17 11:00:00,2019-09-17 11:00:00,1,0.0,0.5850000000000009,False
PAB3_2020S1_HOBO_QLF,2020-03-16 10:00:00,2020-03-16 11:00:00,3,1.0,1.1930000000000014,False
PAB3_2022S1_HOBO_QLF,2021-08-22 21:00:00,2022-03-04 15:00:00,2326,4650.0,1.3709999999999989,True
PAB3_2022S1_HOBO_QLF,2022-03-04 19:00:00,2022-03-04 23:00:00,3,4.0,0.5950000000000024,False
PAB3_2022S1_HOBO_QLF,2022-03-05 03:00:00,2022-03-05 03:00:00,1,0.0,0.5950000000000024,False
PAB3_2022S1_HOBO_QLF,2022-03-05 07:00:00,2022-03-05 19:00:00,7,12.0,0.5970000000000013,False
PAB3_2022S1_HOBO_QLF,2022-03-06 01:00:00,2022-03-06 01:00:00,1,0.0,0.5950000000000024,False
PAB3_2022S1_HOBO_QLF,2022-03-06 09:00:00,2022-03-06 17:00:00,5,8.0,0.5970000000000013,False
PAB3_2022S1_HOBO_QLF,2022-03-06 21:00:00,2022-03-06 21:00:00,1,0.0,0.5960000000000001,False
PAB3_2022S1_HOBO_QLF,2022-03-07 01:00:00,2022-03-07 01:00:00,1,0.0,0.5960000000000001,False
PAB3_2022S1_HOBO_QLF,2022-03-07 11:00:00,2022-03-07 13:00:00,2,2.0,0.5970000000000013,False
PAB3_2022S1_HOBO_QLF,2022-03-07 17:00:00,2022-03-07 17:00:00,1,0.0,0.5970000000000013,False
PAB3_2022S1_HOBO_QLF,2022-03-07 21:00:00,2022-03-07 21:00:00,1,0.0,0.5970000000000013,False
PAB3_2022S1_HOBO_QLF,2022-03-08 01:00:00,2022-03-08 01:00:00,1,0.0,0.5970000000000013,False
PAB3_2022S1_HOBO_QLF,2022-03-08 09:00:00,2022-03-08 09:00:00,1,0.0,0.5970000000000013,False
PAB3_2022S1_HOBO_QLF,2022-03-09 15:00:00,2022-03-09 15:00:00,1,0.0,0.5969999999999978,False
PAB3_2022S1_HOBO_QLF,2022-03-10 09:00:00,2022-03-10 09:00:00,1,0.0,0.5969999999999978,False
PAB3_2022S1_HOBO_QLF,2022-03-12 17:00:00,2022-03-12 17:00:00,1,0.0,0.5990000000000002,False
PAB3_2022S2_HOBO_2_QLF,2022-03-22 07:43:40,2022-09-07 07:43:40,2029,4056.0,1.5919999999999987,True
PAB3_2022S2_HOBO_2_QLF,2022-09-07 11:43:40,2022-09-08 07:43:40,11,20.0,0.6769999999999996,False
PAB3_2022S2_HOBO_2_QLF,2022-09-08 11:43:40,2022-09-09 05:43:40,10,18.0,0.5800000000000018,False
PAB3_2022S2_HOBO_2_QLF,2022-09-09 09:43:40,2022-09-10 01:43:40,9,16.0,0.6769999999999996,False
PAB3_2022S2_HOBO_2_QLF,2022-09-10 05:43:40,2022-09-13 07:43:40,38,74.0,0.6780000000000008,True
PAB3_2022S2_HOBO_2_QLF,2022-09-13 11:43:40,2022-09-15 09:43:40,24,46.0,0.6789999999999985,True
PAB3_2022S2_HOBO_2_QLF,2022-09-15 17:43:40,2022-09-16 13:43:40,11,20.0,0.6789999999999985,False
PAB3_2022S2_HOBO_2_QLF,2022-09-16 17:43:40,2022-09-17 13:43:40,11,20.0,0.583000000000002,False
PAB3_2022S2_HOBO_2_QLF,2022-09-17 17:43:40,2022-09-18 07:43:40,8,14.0,0.6789999999999985,False
PAB3_2022S2_HOBO_2_QLF,2022-09-18 11:43:40,2022-09-18 13:43:40,2,2.0,0.5820000000000007,False
PAB3_2022S2_HOBO_2_QLF,2022-09-18 17:43:40,2022-09-19 01:43:40,5,8.0,0.5809999999999995,False
PAB3_2022S2_HOBO_2_QLF,2022-09-19 05:43:40,2022-09-19 13:43:40,5,8.0,0.5820000000000007,False
PAB3_2022S2_HOBO_2_QLF,2022-09-19 19:43:40,2022-09-19 23:43:40,3,4.0,0.5809999999999995,False
PAB3_2022S2_HOBO_2_QLF,2022-09-20 07:43:40,2022-09-20 07:43:40,1,0.0,0.5809999999999995,False
PAB3_2022S2_HOBO_2_QLF,2022-09-20 11:43:40,2022-09-20 13:43:40,2,2.0,0.5820000000000007,False
PAB3_2022S2_HOBO_2_QLF,2022-09-20 19:43:40,2022-09-21 09:43:40,8,14.0,0.5820000000000007,False
PAB3_2022S2_HOBO_2_QLF,2022-09-21 13:43:40,2022-09-22 05:43:40,9,16.0,0.6789999999999985,False
PAB3_2022S2_HOBO_2_QLF,2022-09-22 11:43:40,2022-09-22 11:43:40,1,0.0,0.583000000000002,False
PAB3_2022S2_HOBO_2_QLF,2022-09-22 15:43:40,2022-09-22 15:43:40,1,0.0,0.583000000000002,False
PAB3_2022S2_HOBO_2_QLF,2022-09-22 21:43:40,2022-09-23 03:43:40,4,6.0,0.583000000000002,False
PAB3_2022S2_HOBO_2_QLF,2022-09-23 07:43:40,2022-09-23 07:43:40,1,0.0,0.5829999999999984,False
PAB3_2022S2_HOBO_2_QLF,2022-09-23 11:43:40,2022-09-23 17:43:40,4,6.0,0.583000000000002,False
PAB3_2022S2_HOBO_2_QLF,2022-09-23 23:43:40,2022-09-24 03:43:40,3,4.0,0.583000000000002,False
PAB3_2022S2_HOBO_2_QLF,2022-09-24 07:43:40,2022-09-24 07:43:40,1,0.0,0.583000000000002,False
PAB3_2022S2_HOBO_2_QLF,2022-09-24 15:43:40,2022-09-24 17:43:40,2,2.0,0.5829999999999984,False
PAB3_2022S2_HOBO_2_QLF,2022-09-24 23:43:40,2022-09-25 03:43:40,3,4.0,0.583000000000002,False
PAB3_2022S2_HOBO_2_QLF,2022-09-25 09:43:40,2022-09-25 09:43:40,1,0.0,0.583000000000002,False
PAB3_2022S2_HOBO_2_QLF,2022-09-25 21:43:40,2022-09-26 05:43:40,5,8.0,0.5820000000000007,False
PAB3_2022S2_HOBO_2_QLF,2022-09-26 21:43:40,2022-09-27 03:43:40,4,6.0,0.5819999999999972,False
PAB3_2022S2_HOBO_2_QLF,2022-09-27 11:43:40,2022-09-27 19:43:40,5,8.0,1.747,False
PAB3_2022S2_HOBO_2_QLF,2022-09-28 07:43:40,2022-09-28 07:43:40,1,0.0,0.7750000000000021,False
PAB3_2022S2_HOBO_2_QLF,2022-09-28 11:43:40,2022-09-28 13:43:40,2,2.0,0.7880000000000003,False
PAB3_2022S2_HOBO_2_QLF,2022-09-28 17:43:40,2022-09-28 17:43:40,1,0.0,0.6810000000000009,False
PAB3_2023S1_HOBO_QLF,2022-09-29 10:08:51,2022-09-29 10:08:51,1,0.0,0.5839999999999996,False
PAB3_2025S2_HOBO_QLF,2025-05-08 10:56:51,2025-05-08 10:56:51,1,0.0,0.5910000000000011,False
PAB3_2025S2_HOBO_QLF,2025-05-08 18:56:51,2025-05-08 18:56:51,1,0.0,0.5899999999999999,False
PAB3_2025S2_HOBO_QLF,2025-05-09 06:56:51,2025-05-09 10:56:51,3,4.0,0.5920000000000023,False
PAB3_2025S2_HOBO_QLF,2025-05-10 10:56:51,2025-05-10 10:56:51,1,0.0,0.5919999999999987,False
PAB3_2025S2_HOBO_QLF,2025-05-11 08:56:51,2025-05-11 10:56:51,2,2.0,0.593,False
PAB3_2025S2_HOBO_QLF,2025-05-11 22:56:51,2025-05-12 04:56:51,4,6.0,0.5920000000000023,False
PAB3_2025S2_HOBO_QLF,2025-05-12 08:56:51,2025-05-12 10:56:51,2,2.0,0.593,False
PAB3_2025S2_HOBO_QLF,2025-05-12 16:56:51,2025-05-12 16:56:51,1,0.0,0.5919999999999987,False
PAB3_2025S2_HOBO_QLF,2025-05-13 00:56:51,2025-05-13 02:56:51,2,2.0,0.5920000000000023,False
PAB3_2025S2_HOBO_QLF,2025-05-13 08:56:51,2025-05-13 18:56:51,6,10.0,0.5920000000000023,False
PAB3_2025S2_HOBO_QLF,2025-05-13 22:56:51,2025-05-14 02:56:51,3,4.0,0.5899999999999999,False
PAB3_2025S2_HOBO_QLF,2025-05-14 08:56:51,2025-05-14 16:56:51,5,8.0,0.6890000000000001,False
PAB3_2025S2_HOBO_QLF,2025-05-14 20:56:51,2025-05-14 22:56:51,2,2.0,0.5909999999999975,False
PAB3_2025S2_HOBO_QLF,2025-05-15 02:56:51,2025-05-15 14:56:51,7,12.0,0.6890000000000001,False
PAB3_2025S2_HOBO_QLF,2025-05-15 18:56:51,2025-05-15 22:56:51,3,4.0,0.5899999999999999,False
PAB3_2025S2_HOBO_QLF,2025-05-16 02:56:51,2025-09-19 10:56:51,1517,3032.0,1.4490000000000016,True
PLES_2019S2_HOBO_QLF,2018-11-21 10:00:00,2018-11-21 10:00:00,1,0.0,1.1849999999999987,False
PLES_2019S2_HOBO_QLF,2018-11-21 12:00:00,2018-11-21 12:00:00,1,0.0,0.8889999999999993,False
PLES_2019S2_HOBO_QLF,2018-11-22 14:00:00,2018-11-22 14:00:00,1,0.0,0.593,False
PLES_2019S2_HOBO_QLF,2018-11-23 14:00:00,2018-11-23 14:00:00,1,0.0,0.7910000000000004,False
PLES_2019S2_HOBO_QLF,2018-11-24 12:00:00,2018-11-24 12:00:00,1,0.0,0.5950000000000024,False
PLES_2019S2_HOBO_QLF,2018-11-26 14:00:00,2018-11-26 15:00:00,2,1.0,0.8940000000000019,False
PLES_2019S2_HOBO_QLF,2018-11-27 16:00:00,2018-11-27 16:00:00,1,0.0,0.6930000000000014,False
PLES_2019S2_HOBO_QLF,2018-11-29 18:00:00,2018-11-29 18:00:00,1,0.0,0.6920000000000002,False
PLES_2019S2_HOBO_QLF,2018-12-06 16:00:00,2018-12-06 16:00:00,1,0.0,0.593,False
PLES_2019S2_HOBO_QLF,2018-12-07 13:00:00,2018-12-07 14:00:00,2,1.0,0.8960000000000008,False
PLES_2019S2_HOBO_QLF,2018-12-12 14:00:00,2018-12-12 14:00:00,1,0.0,0.7910000000000004,False
PLES_2019S2_HOBO_QLF,2018-12-12 17:00:00,2018-12-12 17:00:00,1,0.0,0.6890000000000001,False
PLES_2019S2_HOBO_QLF,2018-12-14 14:00:00,2018-12-14 14:00:00,1,0.0,0.9920000000000008,False
PLES_2019S2_HOBO_QLF,2018-12-15 17:00:00,2018-12-15 17:00:00,1,0.0,0.7930000000000028,False
PLES_2019S2_HOBO_QLF,2018-12-16 15:00:00,2018-12-16 15:00:00,1,0.0,0.5950000000000024,False
PLES_2019S2_HOBO_QLF,2018-12-23 15:00:00,2018-12-23 15:00:00,1,0.0,0.8900000000000006,False
PLES_2019S2_HOBO_QLF,2018-12-24 15:00:00,2018-12-24 15:00:00,1,0.0,0.8940000000000019,False
PLES_2019S2_HOBO_QLF,2018-12-25 17:00:00,2018-12-25 17:00:00,1,0.0,0.5940000000000012,False
PLES_2019S2_HOBO_QLF,2018-12-29 20:00:00,2018-12-29 20:00:00,1,0.0,0.5899999999999999,False
PLES_2019S2_HOBO_QLF,2019-01-03 12:00:00,2019-01-03 12:00:00,1,0.0,0.6890000000000001,False
PLES_2019S2_HOBO_QLF,2019-01-05 13:00:00,2019-01-05 13:00:00,1,0.0,0.5890000000000022,False
PLES_2019S2_HOBO_QLF,2019-01-05 19:00:00,2019-01-05 19:00:00,1,0.0,0.5850000000000009,False
PLES_2019S2_HOBO_QLF,2019-01-06 14:00:00,2019-01-06 14:00:00,1,0.0,1.2769999999999977,False
PLES_2019S2_HOBO_QLF,2019-01-07 15:00:00,2019-01-07 15:00:00,1,0.0,0.5909999999999975,False
PLES_2019S2_HOBO_QLF,2019-01-08 16:00:00,2019-01-08 16:00:00,1,0.0,0.786999999999999,False
PLES_2019S2_HOBO_QLF,2019-01-09 16:00:00,2019-01-09 16:00:00,1,0.0,0.6920000000000002,False
PLES_2019S2_HOBO_QLF,2019-01-12 16:00:00,2019-01-12 16:00:00,1,0.0,0.6930000000000014,False
PLES_2019S2_HOBO_QLF,2019-01-12 18:00:00,2019-01-12 18:00:00,1,0.0,0.690999999999999,False
PLES_2019S2_HOBO_QLF,2019-01-13 19:00:00,2019-01-13 19:00:00,1,0.0,0.8900000000000006,False
PLES_2019S2_HOBO_QLF,2019-01-14 17:00:00,2019-01-14 17:00:00,1,0.0,0.5950000000000024,False
PLES_2019S2_HOBO_QLF,2019-01-15 18:00:00,2019-01-15 18:00:00,1,0.0,0.6940000000000026,False
PLES_2019S2_HOBO_QLF,2019-01-20 13:00:00,2019-01-20 13:00:00,1,0.0,0.8940000000000019,False
PLES_2019S2_HOBO_QLF,2019-01-21 14:00:00,2019-01-21 14:00:00,1,0.0,1.2900000000000027,False
PLES_2019S2_HOBO_QLF,2019-01-23 13:00:00,2019-01-23 14:00:00,2,1.0,0.6960000000000015,False
PLES_2019S2_HOBO_QLF,2019-01-23 16:00:00,2019-01-23 16:00:00,1,0.0,0.5940000000000012,False
PLES_2019S2_HOBO_QLF,2019-01-24 14:00:00,2019-01-24 17:00:00,4,3.0,0.7950000000000017,False
PLES_2019S2_HOBO_QLF,2019-01-25 15:00:00,2019-01-25 16:00:00,2,1.0,0.9000000000000021,False
PLES_2019S2_HOBO_QLF,2019-01-26 16:00:00,2019-01-26 17:00:00,2,1.0,0.7959999999999994,False
PLES_2019S2_HOBO_QLF,2019-01-27 15:00:00,2019-01-27 15:00:00,1,0.0,0.8000000000000007,False
PLES_2019S2_HOBO_QLF,2019-01-28 17:00:00,2019-01-28 17:00:00,1,0.0,0.5969999999999978,False
PLES_2019S2_HOBO_QLF,2019-02-01 13:00:00,2019-02-01 13:00:00,1,0.0,0.7989999999999995,False
PLES_2019S2_HOBO_QLF,2019-02-04 15:00:00,2019-02-04 15:00:00,1,0.0,0.6989999999999981,False
PLES_2019S2_HOBO_QLF,2019-02-09 17:00:00,2019-02-09 17:00:00,1,0.0,0.5999999999999979,False
PLES_2019S2_HOBO_QLF,2019-02-12 18:00:00,2019-02-12 18:00:00,1,0.0,0.5019999999999989,False
PLES_2019S2_HOBO_QLF,2019-02-21 15:00:00,2019-02-21 15:00:00,1,0.0,1.1099999999999994,False
PLES_2019S2_HOBO_QLF,2019-02-23 16:00:00,2019-02-23 16:00:00,1,0.0,0.6069999999999993,False
PLES_2019S2_HOBO_QLF,2019-03-06 14:00:00,2019-03-06 14:00:00,1,0.0,0.504999999999999,False
PLES_2019S2_HOBO_QLF,2019-03-07 15:00:00,2019-03-07 15:00:00,1,0.0,0.8060000000000009,False
PLES_2019S2_HOBO_QLF,2019-03-08 15:00:00,2019-03-08 15:00:00,1,0.0,0.5040000000000013,False
PLES_2019S2_HOBO_QLF,2019-03-09 15:00:00,2019-03-09 16:00:00,2,1.0,0.7050000000000018,False
PLES_2019S2_HOBO_QLF,2019-03-10 15:00:00,2019-03-10 16:00:00,2,1.0,0.9090000000000024,False
PLES_2019S2_HOBO_QLF,2019-03-12 17:00:00,2019-03-12 17:00:00,1,0.0,0.602999999999998,False
PLES_2019S2_HOBO_QLF,2019-04-08 16:00:00,2019-04-08 16:00:00,1,0.0,0.6019999999999968,False
PLES_2019S2_HOBO_QLF,2019-04-21 15:00:00,2019-04-21 15:00:00,1,0.0,0.904,False
PLES_2019S2_HOBO_QLF,2019-04-23 15:00:00,2019-04-23 16:00:00,2,1.0,0.504999999999999,False
PLES_2019S2_HOBO_QLF,2019-04-25 15:00:00,2019-04-25 15:00:00,1,0.0,0.602999999999998,False
PLES_2019S2_HOBO_QLF,2019-08-18 16:00:00,2019-08-18 16:00:00,1,0.0,0.9699999999999988,False
PLES_2019S2_HOBO_QLF,2019-08-19 17:00:00,2019-08-19 17:00:00,1,0.0,0.971,False
PLES_2019S2_HOBO_QLF,2019-08-31 15:00:00,2019-08-31 15:00:00,1,0.0,0.8769999999999989,False
PLES_2019S2_HOBO_QLF,2019-09-05 16:00:00,2019-09-05 16:00:00,1,0.0,0.5850000000000009,False
PLES_2019S2_HOBO_QLF,2019-09-16 15:00:00,2019-09-16 15:00:00,1,0.0,0.5869999999999997,False
PLES_2019S2_HOBO_QLF,2019-09-17 12:00:00,2019-09-17 12:00:00,1,0.0,1.2749999999999986,False
PLES_2021S2_HOBO_QLF,2021-08-09 10:30:23,2021-08-09 10:30:23,1,0.0,0.5779999999999994,False
PLES_2021S2_HOBO_QLF,2021-08-10 12:30:23,2021-08-10 12:30:23,1,0.0,0.5789999999999971,False
PLES_2021S2_HOBO_QLF,2021-08-11 10:30:23,2021-08-11 14:30:23,3,4.0,0.7750000000000021,False
PLES_2021S2_HOBO_QLF,2021-08-12 02:30:23,2021-08-21 18:30:23,117,232.0,1.2109999999999983,True
PLES_2022S1_HOBO_QLF,2022-03-17 13:21:38,2022-03-17 13:21:38,1,0.0,1.4830000000000003,False
PLES_2023S1_HOBO_QLF,2022-09-22 06:00:00,2022-09-22 06:00:00,1,0.0,1.9429999999999976,False
PLES_2023S1_HOBO_QLF,2022-09-28 14:00:00,2022-09-28 14:00:00,1,0.0,0.9750000000000014,False
PLES_2023S1_HOBO_QLF,2022-10-13 12:00:00,2022-10-13 12:00:00,1,0.0,0.6890000000000001,False
PLES_2023S1_HOBO_QLF,2022-10-28 14:00:00,2022-10-28 14:00:00,1,0.0,0.5909999999999975,False
PLES_2023S1_HOBO_QLF,2022-10-29 14:00:00,2022-10-29 14:00:00,1,0.0,0.5909999999999975,False
PLES_2023S1_HOBO_QLF,2022-11-13 13:00:00,2022-11-13 13:00:00,1,0.0,0.5899999999999999,False
PLES_2023S1_HOBO_QLF,2022-11-15 17:00:00,2022-11-15 17:00:00,1,0.0,0.8820000000000014,False
PLES_2023S1_HOBO_QLF,2023-01-01 21:00:00,2023-01-01 21:00:00,1,0.0,0.5850000000000009,False
PLES_2023S1_HOBO_QLF,2023-01-11 17:00:00,2023-01-11 17:00:00,1,0.0,0.5899999999999999,False
PLES_2023S1_HOBO_QLF,2023-01-13 13:00:00,2023-01-13 13:00:00,1,0.0,0.6890000000000001,False
PLES_2023S1_HOBO_QLF,2023-01-15 13:00:00,2023-01-15 13:00:00,1,0.0,0.5889999999999986,False
PLES_2023S1_HOBO_QLF,2023-01-16 17:00:00,2023-01-16 17:00:00,1,0.0,0.5899999999999999,False
PLES_2023S1_HOBO_QLF,2023-01-17 15:00:00,2023-01-17 15:00:00,1,0.0,0.5909999999999975,False
PLES_2023S1_HOBO_QLF,2023-01-22 13:00:00,2023-01-22 13:00:00,1,0.0,0.6920000000000002,False
PLES_2023S1_HOBO_QLF,2023-01-24 15:00:00,2023-01-24 15:00:00,1,0.0,0.6890000000000001,False
PLES_2023S1_HOBO_QLF,2023-01-30 19:00:00,2023-01-30 19:00:00,1,0.0,0.5919999999999987,False
PLES_2023S1_HOBO_QLF,2023-01-31 15:00:00,2023-01-31 15:00:00,1,0.0,0.6890000000000001,False
PLES_2023S1_HOBO_QLF,2023-02-02 11:00:00,2023-02-02 11:00:00,1,0.0,0.5920000000000023,False
PLES_2023S1_HOBO_QLF,2023-02-03 23:00:00,2023-02-03 23:00:00,1,0.0,0.5910000000000011,False
PLES_2023S1_HOBO_QLF,2023-02-06 13:00:00,2023-02-06 13:00:00,1,0.0,0.8840000000000003,False
PLES_2023S1_HOBO_QLF,2023-02-10 15:00:00,2023-02-10 15:00:00,1,0.0,0.5949999999999989,False
PLES_2023S1_HOBO_QLF,2023-02-12 15:00:00,2023-02-12 15:00:00,1,0.0,0.7940000000000005,False
PLES_2023S1_HOBO_QLF,2023-02-13 15:00:00,2023-02-13 15:00:00,1,0.0,0.5939999999999976,False
PLES_2023S1_HOBO_QLF,2023-02-16 21:00:00,2023-02-16 21:00:00,1,0.0,0.5899999999999999,False
PLES_2023S1_HOBO_QLF,2023-02-25 15:00:00,2023-02-25 15:00:00,1,0.0,0.7929999999999993,False
PLES_2023S1_HOBO_QLF,2023-03-01 16:00:00,2023-03-01 18:00:00,2,2.0,0.7859999999999978,False
PLES_2023S1_HOBO_QLF,2023-03-07 12:00:00,2023-03-07 12:00:00,1,0.0,0.5910000000000011,False
PLES_2023S1_HOBO_QLF,2023-03-18 14:00:00,2023-03-18 14:00:00,1,0.0,0.5950000000000024,False
PLES_2023S1_HOBO_QLF,2023-03-25 14:00:00,2023-03-25 14:00:00,1,0.0,0.597999999999999,False
PLES_2023S1_HOBO_QLF,2023-04-05 10:00:00,2023-04-05 10:00:00,1,0.0,0.990000000000002,False
PLES_2025S1_HOBO_QLF,2024-09-11 08:36:23,2024-10-01 10:36:23,242,482.0,1.1849999999999987,True
PLES_2025S1_HOBO_QLF,2024-10-01 14:36:23,2024-10-02 10:36:23,11,20.0,0.7889999999999979,False
PLES_2025S1_HOBO_QLF,2024-10-02 14:36:23,2024-10-23 12:36:23,252,502.0,0.8840000000000003,True
PLES_2025S1_HOBO_QLF,2024-10-23 16:36:23,2024-10-27 18:36:23,50,98.0,0.7889999999999979,True
PLES_2025S1_HOBO_QLF,2024-10-27 22:36:23,2024-11-01 10:36:23,55,108.0,0.7850000000000001,True
PLES_2025S1_HOBO_QLF,2024-11-01 14:36:23,2024-11-02 10:36:23,11,20.0,0.7860000000000014,False
PLES_2025S1_HOBO_QLF,2024-11-02 14:36:23,2024-11-06 11:36:23,47,93.0,0.7860000000000014,True
PLES_2025S1_HOBO_QLF,2024-11-06 15:36:23,2024-11-18 11:36:23,143,284.0,0.7899999999999991,True
PLES_2025S1_HOBO_QLF,2024-11-18 15:36:23,2024-11-21 15:36:23,37,72.0,0.7910000000000004,True
PLES_2025S1_HOBO_QLF,2024-11-21 21:36:23,2024-11-25 13:36:23,45,88.0,0.7850000000000001,True
PLES_2025S1_HOBO_QLF,2024-11-25 17:36:23,2024-11-26 11:36:23,10,18.0,0.6870000000000012,False
PLES_2025S1_HOBO_QLF,2024-11-26 15:36:23,2024-11-30 13:36:23,48,94.0,0.7840000000000025,True
PLES_2025S1_HOBO_QLF,2024-11-30 17:36:23,2024-12-03 13:36:23,35,68.0,0.7859999999999978,True
PLES_2025S1_HOBO_QLF,2024-12-03 17:36:23,2024-12-04 13:36:23,11,20.0,0.7899999999999991,False
PLES_2025S1_HOBO_QLF,2024-12-04 17:36:23,2024-12-06 15:36:23,24,46.0,0.7880000000000003,True
PLES_2025S1_HOBO_QLF,2024-12-06 19:36:23,2024-12-07 15:36:23,11,20.0,0.7899999999999991,False
PLES_2025S1_HOBO_QLF,2024-12-07 19:36:23,2024-12-08 17:36:23,12,22.0,0.6939999999999991,False
PLES_2025S1_HOBO_QLF,2024-12-08 21:36:23,2024-12-08 21:36:23,1,0.0,0.6849999999999987,False
PLES_2025S1_HOBO_QLF,2024-12-09 01:36:23,2024-12-09 19:36:23,10,18.0,0.7840000000000025,False
PLES_2025S1_HOBO_QLF,2024-12-09 23:36:23,2024-12-20 15:36:23,129,256.0,0.985000000000003,True
PLES_2025S1_HOBO_QLF,2024-12-20 21:36:23,2024-12-21 15:36:23,10,18.0,0.990000000000002,False
PLES_2025S1_HOBO_QLF,2024-12-21 21:36:23,2024-12-25 19:36:23,48,94.0,0.8860000000000028,True
PLES_2025S1_HOBO_QLF,2024-12-25 23:36:23,2024-12-26 21:36:23,12,22.0,0.7809999999999988,False
PLES_2025S1_HOBO_QLF,2024-12-27 01:36:23,2024-12-29 13:36:23,31,60.0,0.7850000000000001,True
PLES_2025S1_HOBO_QLF,2024-12-29 17:36:23,2024-12-30 13:36:23,11,20.0,0.6870000000000012,False
PLES_2025S1_HOBO_QLF,2024-12-30 17:36:23,2025-01-07 17:36:23,97,192.0,0.7859999999999978,True
PLES_2025S1_HOBO_QLF,2025-01-07 21:36:23,2025-01-13 09:36:23,67,132.0,0.6870000000000012,True
PLES_2025S1_HOBO_QLF,2025-01-13 17:36:23,2025-01-14 13:36:23,11,20.0,0.6870000000000012,False
PLES_2025S1_HOBO_QLF,2025-01-14 17:36:23,2025-01-15 09:36:23,9,16.0,0.6870000000000012,False
PLES_2025S1_HOBO_QLF,2025-01-15 13:36:23,2025-01-16 07:36:23,10,18.0,0.6879999999999988,False
PLES_2025S1_HOBO_QLF,2025-01-16 13:36:23,2025-01-17 11:36:23,12,22.0,0.6890000000000001,False
PLES_2025S1_HOBO_QLF,2025-01-17 15:36:23,2025-01-18 11:36:23,11,20.0,0.690999999999999,False
PLES_2025S1_HOBO_QLF,2025-01-18 15:36:23,2025-01-18 15:36:23,1,0.0,0.6989999999999981,False
PLES_2025S1_HOBO_QLF,2025-01-18 19:36:23,2025-01-19 15:36:23,11,20.0,0.8960000000000008,False
PLES_2025S1_HOBO_QLF,2025-01-19 19:36:23,2025-01-20 15:36:23,11,20.0,0.7959999999999994,False
PLES_2025S1_HOBO_QLF,2025-01-20 19:36:23,2025-01-21 17:36:23,12,22.0,0.7899999999999991,False
PLES_2025S1_HOBO_QLF,2025-01-21 23:36:23,2025-01-22 15:36:23,9,16.0,0.7940000000000005,False
PLES_2025S1_HOBO_QLF,2025-01-22 19:36:23,2025-01-23 15:36:23,11,20.0,0.7870000000000026,False
PLES_2025S1_HOBO_QLF,2025-01-23 19:36:23,2025-01-24 21:36:23,14,26.0,0.7910000000000004,True
PLES_2025S1_HOBO_QLF,2025-01-25 01:36:23,2025-01-26 09:36:23,17,32.0,0.7929999999999993,True
PLES_2025S1_HOBO_QLF,2025-01-26 13:36:23,2025-01-29 09:36:23,35,68.0,0.7899999999999991,True
PLES_2025S1_HOBO_QLF,2025-01-29 13:36:23,2025-01-31 11:36:23,24,46.0,0.7899999999999991,True
PLES_2025S1_HOBO_QLF,2025-01-31 15:36:23,2025-02-02 15:36:23,25,48.0,0.8889999999999993,True
PLES_2025S1_HOBO_QLF,2025-02-02 19:36:23,2025-02-07 19:36:23,61,120.0,0.7899999999999991,True
PLES_2025S1_HOBO_QLF,2025-02-07 23:36:23,2025-02-13 11:36:23,67,132.0,0.8929999999999971,True
PLES_2025S1_HOBO_QLF,2025-02-13 15:36:23,2025-02-15 11:36:23,23,44.0,0.7929999999999993,True
PLES_2025S1_HOBO_QLF,2025-02-15 17:36:23,2025-02-16 10:36:23,10,17.0,0.7910000000000004,False
PLES_2025S1_HOBO_QLF,2025-02-16 16:36:23,2025-02-17 12:36:23,11,20.0,0.7950000000000017,False
PLES_2025S1_HOBO_QLF,2025-02-17 16:36:23,2025-02-19 14:36:23,24,46.0,0.7950000000000017,True
PLES_2025S1_HOBO_QLF,2025-02-19 18:36:23,2025-02-20 16:36:23,12,22.0,0.7870000000000026,False
PLES_2025S1_HOBO_QLF,2025-02-20 20:36:23,2025-02-21 14:36:23,10,18.0,0.7910000000000004,False
PLES_2025S1_HOBO_QLF,2025-02-21 18:36:23,2025-02-22 08:36:23,8,14.0,0.7850000000000001,False
PLES_2025S1_HOBO_QLF,2025-02-22 12:36:23,2025-02-22 12:36:23,1,0.0,0.7880000000000003,False
PLES_2025S1_HOBO_QLF,2025-02-22 18:36:23,2025-02-22 18:36:23,1,0.0,0.7889999999999979,False
PLES_2025S1_HOBO_QLF,2025-02-22 22:36:23,2025-02-23 20:36:23,12,22.0,0.7889999999999979,False
PLES_2025S1_HOBO_QLF,2025-02-24 02:36:23,2025-02-26 08:36:23,28,54.0,0.7880000000000003,True
PLES_2025S1_HOBO_QLF,2025-02-26 14:36:23,2025-02-27 10:36:23,11,20.0,0.7860000000000014,False
PLES_2025S1_HOBO_QLF,2025-02-27 14:36:23,2025-03-01 10:36:23,23,44.0,0.7880000000000003,True
PLES_2025S1_HOBO_QLF,2025-03-01 16:36:23,2025-03-02 10:36:23,10,18.0,0.786999999999999,False
PLES_2025S1_HOBO_QLF,2025-03-02 14:36:23,2025-03-03 10:36:23,11,20.0,0.7870000000000026,False
PLES_2025S1_HOBO_QLF,2025-03-03 14:36:23,2025-03-06 12:36:23,36,70.0,0.7910000000000004,True
PLES_2025S1_HOBO_QLF,2025-03-06 16:36:23,2025-03-09 10:36:23,34,66.0,0.7929999999999993,True
PLES_2025S1_HOBO_QLF,2025-03-09 14:36:23,2025-03-12 10:36:23,35,68.0,0.7929999999999993,True
PLES_2025S1_HOBO_QLF,2025-03-12 14:36:23,2025-03-14 08:36:23,22,42.0,0.7929999999999993,True
PLES_2025S1_HOBO_QLF,2025-03-14 12:36:23,2025-03-15 12:36:23,13,24.0,0.7940000000000005,True
PLES_2025S1_HOBO_QLF,2025-03-15 16:36:23,2025-03-16 10:36:23,10,18.0,0.7950000000000017,False
PLES_2025S1_HOBO_QLF,2025-03-16 14:36:23,2025-03-17 10:36:23,11,20.0,0.7970000000000006,False
PLES_2025S1_HOBO_QLF,2025-03-17 14:36:23,2025-03-18 10:36:23,11,20.0,0.7970000000000006,False
PLES_2025S1_HOBO_QLF,2025-03-18 14:36:23,2025-03-20 14:36:23,25,48.0,0.7989999999999995,True
PLES_2025S1_HOBO_QLF,2025-03-20 18:36:23,2025-03-22 16:36:23,24,46.0,1.1960000000000015,True
PNOR_2022S2_HOBO_QLF,2022-03-24 22:11:42,2022-03-24 22:11:42,1,0.0,0.593,False
PNOR_2022S2_HOBO_QLF,2022-03-25 06:11:42,2022-03-25 16:11:42,6,10.0,1.001999999999999,False
PNOR_2022S2_HOBO_QLF,2022-03-26 00:11:42,2022-03-26 00:11:42,1,0.0,0.5939999999999976,False
PNOR_2022S2_HOBO_QLF,2022-03-26 10:11:42,2022-03-26 14:11:42,3,4.0,0.8999999999999986,False
PNOR_2022S2_HOBO_QLF,2022-03-27 10:11:42,2022-03-27 22:11:42,7,12.0,0.8989999999999974,False
PNOR_2022S2_HOBO_QLF,2022-03-28 02:11:42,2022-03-28 06:11:42,3,4.0,0.5939999999999976,False
PNOR_2022S2_HOBO_QLF,2022-03-28 10:11:42,2022-03-28 14:11:42,3,4.0,0.7970000000000006,False
PNOR_2022S2_HOBO_QLF,2022-03-28 18:11:42,2022-03-28 20:11:42,2,2.0,0.5950000000000024,False
PNOR_2022S2_HOBO_QLF,2022-03-29 00:11:42,2022-03-29 14:11:42,8,14.0,0.8969999999999985,False
PNOR_2022S2_HOBO_QLF,2022-03-29 18:11:42,2022-03-29 20:11:42,2,2.0,0.5950000000000024,False
PNOR_2022S2_HOBO_QLF,2022-03-30 00:11:42,2022-03-30 06:11:42,4,6.0,0.5949999999999989,False
PNOR_2022S2_HOBO_QLF,2022-03-30 10:11:42,2022-03-30 16:11:42,4,6.0,0.7989999999999995,False
PNOR_2022S2_HOBO_QLF,2022-03-30 20:11:42,2022-03-31 04:11:42,5,8.0,0.5950000000000024,False
PNOR_2022S2_HOBO_QLF,2022-03-31 10:11:42,2022-03-31 16:11:42,4,6.0,0.8999999999999986,False
PNOR_2022S2_HOBO_QLF,2022-03-31 20:11:42,2022-03-31 20:11:42,1,0.0,0.5960000000000001,False
PNOR_2022S2_HOBO_QLF,2022-04-01 02:11:42,2022-04-01 02:11:42,1,0.0,0.5949999999999989,False
PNOR_2022S2_HOBO_QLF,2022-04-01 10:11:42,2022-04-01 18:11:42,5,8.0,0.8020000000000032,False
PNOR_2022S2_HOBO_QLF,2022-04-02 10:11:42,2022-04-02 14:11:42,3,4.0,0.902000000000001,False
PNOR_2022S2_HOBO_QLF,2022-04-03 10:11:42,2022-04-03 10:11:42,1,0.0,0.6010000000000026,False
PNOR_2022S2_HOBO_QLF,2022-04-03 14:11:42,2022-04-03 14:11:42,1,0.0,0.6989999999999981,False
PNOR_2022S2_HOBO_QLF,2022-04-04 10:11:42,2022-04-04 14:11:42,3,4.0,0.7019999999999982,False
PNOR_2022S2_HOBO_QLF,2022-04-05 12:11:42,2022-04-05 14:11:42,2,2.0,0.8029999999999973,False
PNOR_2022S2_HOBO_QLF,2022-04-06 12:11:42,2022-04-06 14:11:42,2,2.0,0.7020000000000017,False
PNOR_2022S2_HOBO_QLF,2022-04-08 12:11:42,2022-04-08 14:11:42,2,2.0,0.7019999999999982,False
PNOR_2022S2_HOBO_QLF,2022-04-09 10:11:42,2022-04-09 10:11:42,1,0.0,0.5010000000000012,False
PNOR_2022S2_HOBO_QLF,2022-04-09 14:11:42,2022-04-09 14:11:42,1,0.0,0.5999999999999979,False
PNOR_2022S2_HOBO_QLF,2022-04-10 12:11:42,2022-04-10 14:11:42,2,2.0,0.7010000000000005,False
PNOR_2022S2_HOBO_QLF,2022-04-11 12:11:42,2022-04-11 14:11:42,2,2.0,0.6989999999999981,False
PNOR_2022S2_HOBO_QLF,2022-04-12 12:11:42,2022-04-12 14:11:42,2,2.0,0.5990000000000002,False
PNOR_2022S2_HOBO_QLF,2022-04-13 12:11:42,2022-04-13 12:11:42,1,0.0,0.6009999999999991,False
PNOR_2022S2_HOBO_QLF,2022-04-14 12:11:42,2022-04-14 12:11:42,1,0.0,0.5990000000000002,False
PNOR_2022S2_HOBO_QLF,2022-04-21 12:11:42,2022-04-21 12:11:42,1,0.0,0.593,False
PNOR_2022S2_HOBO_QLF,2022-04-22 12:11:42,2022-04-22 12:11:42,1,0.0,0.5939999999999976,False
PNOR_2022S2_HOBO_QLF,2022-04-24 12:11:42,2022-04-24 12:11:42,1,0.0,0.5949999999999989,False
PNOR_2024S1_HOBO_QLF,2023-10-22 10:39:42,2023-10-22 10:39:42,1,0.0,0.6879999999999988,False
PNOR_2024S1_HOBO_QLF,2023-10-23 10:39:42,2023-10-23 12:39:42,2,2.0,0.6890000000000001,False
PNOR_2024S1_HOBO_QLF,2023-11-29 02:39:42,2023-11-30 06:39:42,15,28.0,0.7829999999999977,True
PNOR_2024S1_HOBO_QLF,2023-11-30 12:39:42,2024-03-15 22:39:42,1278,2554.0,6.911999999999999,True
PNOR_2024S2_HOBO_QLF,2024-03-16 10:22:48,2024-03-16 10:22:48,1,0.0,0.5960000000000001,False
PNOR_2024S2_HOBO_QLF,2024-03-17 10:22:48,2024-03-17 10:22:48,1,0.0,0.597999999999999,False
PNOR_2025S2_HOBO_QLF,2025-03-27 09:12:46,2025-03-27 09:12:46,1,0.0,0.6989999999999981,False
PNOR_2025S2_HOBO_QLF,2025-03-28 01:12:46,2025-03-28 01:12:46,1,0.0,0.5949999999999989,False
PNOR_2025S2_HOBO_QLF,2025-03-28 17:12:46,2025-03-28 23:12:46,4,6.0,0.5970000000000013,False
PNOR_2025S2_HOBO_QLF,2025-03-29 05:12:46,2025-03-29 11:12:46,4,6.0,0.8989999999999974,False
PNOR_2025S2_HOBO_QLF,2025-03-30 03:12:46,2025-03-30 03:12:46,1,0.0,0.5950000000000024,False
PNOR_2025S2_HOBO_QLF,2025-03-30 07:12:46,2025-03-30 09:12:46,2,2.0,0.7989999999999995,False
PNOR_2025S2_HOBO_QLF,2025-03-31 07:12:46,2025-03-31 09:12:46,2,2.0,0.6980000000000004,False
PNOR_2025S2_HOBO_QLF,2025-04-01 09:12:46,2025-04-01 09:12:46,1,0.0,0.5990000000000002,False
PNOR_2025S2_HOBO_QLF,2025-04-02 09:12:46,2025-04-02 09:12:46,1,0.0,0.6989999999999981,False
PNOR_2025S2_HOBO_QLF,2025-04-03 09:12:46,2025-04-03 09:12:46,1,0.0,0.5990000000000002,False
PNOR_2025S2_HOBO_QLF,2025-04-04 09:12:46,2025-04-04 09:12:46,1,0.0,0.5990000000000002,False
PNOR_2025S2_HOBO_QLF,2025-04-05 09:12:46,2025-04-05 09:12:46,1,0.0,0.597999999999999,False
PNOR_2025S2_HOBO_QLF,2025-04-06 09:12:46,2025-04-06 09:12:46,1,0.0,0.6969999999999992,False
PNOR_2025S2_HOBO_QLF,2025-04-07 07:12:46,2025-04-07 09:12:46,2,2.0,0.6980000000000004,False
PNOR_2025S2_HOBO_QLF,2025-04-08 07:12:46,2025-04-08 07:12:46,1,0.0,0.5950000000000024,False
PNOR_2025S2_HOBO_QLF,2025-04-09 09:12:46,2025-04-09 09:12:46,1,0.0,0.7950000000000017,False
PNOR_2025S2_HOBO_QLF,2025-04-10 07:12:46,2025-04-10 09:12:46,2,2.0,0.7970000000000006,False
PNOR_2025S2_HOBO_QLF,2025-04-12 07:12:46,2025-04-12 09:12:46,2,2.0,0.7970000000000006,False
PNOR_2025S2_HOBO_QLF,2025-04-12 23:12:46,2025-04-13 01:12:46,2,2.0,0.5950000000000024,False
PNOR_2025S2_HOBO_QLF,2025-04-13 07:12:46,2025-04-13 09:12:46,2,2.0,0.7970000000000006,False
PNOR_2025S2_HOBO_QLF,2025-04-13 17:12:46,2025-04-13 17:12:46,1,0.0,0.5969999999999978,False
PNOR_2025S2_HOBO_QLF,2025-04-13 23:12:46,2025-04-13 23:12:46,1,0.0,0.5960000000000001,False
PNOR_2025S2_HOBO_QLF,2025-04-14 07:12:46,2025-04-14 09:12:46,2,2.0,0.8969999999999985,False
PNOR_2025S2_HOBO_QLF,2025-04-14 15:12:46,2025-04-14 15:12:46,1,0.0,0.5030000000000001,False
PNOR_2025S2_HOBO_QLF,2025-04-15 03:12:46,2025-04-15 03:12:46,1,0.0,0.5970000000000013,False
PNOR_2025S2_HOBO_QLF,2025-04-15 07:12:46,2025-04-15 07:12:46,1,0.0,0.5960000000000001,False
PNOR_2025S2_HOBO_QLF,2025-04-15 11:12:46,2025-04-15 11:12:46,1,0.0,0.597999999999999,False
PNOR_2025S2_HOBO_QLF,2025-04-16 09:12:46,2025-04-16 11:12:46,2,2.0,0.5970000000000013,False
PNOR_2025S2_HOBO_QLF,2025-04-16 19:12:46,2025-04-16 19:12:46,1,0.0,0.5970000000000013,False
PNOR_2025S2_HOBO_QLF,2025-04-16 23:12:46,2025-04-16 23:12:46,1,0.0,0.5960000000000001,False
PNOR_2025S2_HOBO_QLF,2025-04-17 07:12:46,2025-04-17 07:12:46,1,0.0,0.5950000000000024,False
PNOR_2025S2_HOBO_QLF,2025-04-17 11:12:46,2025-04-17 11:12:46,1,0.0,0.5960000000000001,False
PNOR_2025S2_HOBO_QLF,2025-04-18 07:12:46,2025-04-18 09:12:46,2,2.0,0.5950000000000024,False
PNOR_2025S2_HOBO_QLF,2025-04-18 17:12:46,2025-04-18 17:12:46,1,0.0,0.5950000000000024,False
PNOR_2025S2_HOBO_QLF,2025-04-18 21:12:46,2025-04-18 21:12:46,1,0.0,0.5950000000000024,False
PNOR_2025S2_HOBO_QLF,2025-04-19 03:12:46,2025-04-19 07:12:46,3,4.0,0.5950000000000024,False
PNOR_2025S2_HOBO_QLF,2025-04-19 11:12:46,2025-04-19 11:12:46,1,0.0,0.5960000000000001,False
PNOR_2025S2_HOBO_QLF,2025-04-19 15:12:46,2025-04-19 15:12:46,1,0.0,0.5960000000000001,False
PNOR_2025S2_HOBO_QLF,2025-04-19 19:12:46,2025-04-26 21:12:46,86,170.0,0.8949999999999996,True
PNOR_2025S2_HOBO_QLF,2025-04-27 01:12:46,2025-04-27 01:12:46,1,0.0,0.5949999999999989,False
PNOR_2025S2_HOBO_QLF,2025-04-27 05:12:46,2025-04-27 11:12:46,4,6.0,0.6940000000000026,False
PNOR_2025S2_HOBO_QLF,2025-04-27 15:12:46,2025-04-27 17:12:46,2,2.0,0.5970000000000013,False
PNOR_2025S2_HOBO_QLF,2025-04-28 07:12:46,2025-04-28 07:12:46,1,0.0,0.5950000000000024,False
PNOR_2025S2_HOBO_QLF,2025-08-22 03:12:46,2025-08-22 03:12:46,1,0.0,0.5799999999999983,False
PNOR_2025S2_HOBO_QLF,2025-08-22 09:12:46,2025-08-22 09:12:46,1,0.0,0.5809999999999995,False
PNOR_2025S2_HOBO_QLF,2025-08-22 13:12:46,2025-08-22 13:12:46,1,0.0,0.5820000000000007,False
PNOR_2025S2_HOBO_QLF,2025-08-22 19:12:46,2025-08-22 19:12:46,1,0.0,0.5820000000000007,False
PNOR_2025S2_HOBO_QLF,2025-08-23 11:12:46,2025-08-23 11:12:46,1,0.0,0.5829999999999984,False
PNOR_2025S2_HOBO_QLF,2025-08-23 21:12:46,2025-08-23 21:12:46,1,0.0,0.5820000000000007,False
PNOR_2025S2_HOBO_QLF,2025-08-24 09:12:46,2025-08-24 09:12:46,1,0.0,0.5820000000000007,False
PNOR_2025S2_HOBO_QLF,2025-08-24 23:12:46,2025-08-24 23:12:46,1,0.0,0.5820000000000007,False
PNOR_2025S2_HOBO_QLF,2025-08-25 05:12:46,2025-08-25 05:12:46,1,0.0,0.5820000000000007,False
PNOR_2025S2_HOBO_QLF,2025-08-25 09:12:46,2025-08-25 11:12:46,2,2.0,0.6789999999999985,False
PNOR_2025S2_HOBO_QLF,2025-08-25 23:12:46,2025-08-26 13:12:46,8,14.0,0.5850000000000009,False
PNOR_2025S2_HOBO_QLF,2025-08-26 19:12:46,2025-08-26 19:12:46,1,0.0,0.583000000000002,False
PNOR_2025S2_HOBO_QLF,2025-08-27 03:12:46,2025-08-27 03:12:46,1,0.0,0.6789999999999985,False
PNOR_2025S2_HOBO_QLF,2025-08-27 09:12:46,2025-08-27 13:12:46,3,4.0,0.5839999999999996,False
PNOR_2025S2_HOBO_QLF,2025-08-27 17:12:46,2025-08-27 23:12:46,4,6.0,0.5839999999999996,False
PNOR_2025S2_HOBO_QLF,2025-08-28 03:12:46,2025-08-28 23:12:46,11,20.0,0.6820000000000022,False
PNOR_2025S2_HOBO_QLF,2025-08-29 03:12:46,2025-08-29 03:12:46,1,0.0,0.5829999999999984,False
PNOR_2025S2_HOBO_QLF,2025-08-29 07:12:46,2025-08-30 01:12:46,10,18.0,0.6820000000000022,False
PNOR_2025S2_HOBO_QLF,2025-08-30 05:12:46,2025-09-19 09:12:46,243,484.0,0.8810000000000002,True
PNOR_2025S2_HOBO_QLF,2025-09-19 17:12:46,2025-09-19 23:12:46,4,6.0,0.6739999999999995,False
PNOR_2025S2_HOBO_QLF,2025-09-20 09:12:46,2025-09-20 09:12:46,1,0.0,0.5820000000000007,False
PNOR_2025S2_HOBO_QLF,2025-09-20 15:12:46,2025-09-21 09:12:46,10,18.0,0.7799999999999976,False
PNOR_2025S2_HOBO_QLF,2025-09-21 13:12:46,2025-09-21 13:12:46,1,0.0,0.5899999999999999,False
PNOR_2026S1_HOBO_QLF,2025-09-19 07:23:41,2025-09-19 08:23:41,2,1.0,0.5859999999999985,False
PNOR_2026S1_HOBO_QLF,2025-10-20 19:23:41,2025-10-20 22:23:41,4,3.0,0.5810000000000031,False
PNOR_2026S1_HOBO_QLF,2025-10-21 01:23:41,2025-12-09 12:23:41,1188,1187.0,1.468,True
PNOR_2026S1_HOBO_QLF,2025-12-09 14:23:41,2025-12-10 06:23:41,17,16.0,0.977999999999998,False
PNOR_2026S1_HOBO_QLF,2025-12-11 04:23:41,2025-12-13 08:23:41,53,52.0,1.561,True
PNOR_2026S1_HOBO_QLF,2025-12-13 10:23:41,2025-12-16 01:23:41,64,63.0,1.565999999999999,True
PNOR_2026S1_HOBO_QLF,2025-12-16 19:23:41,2025-12-17 09:23:41,15,14.0,1.068999999999999,False
PNOR_2026S1_HOBO_QLF,2025-12-17 11:23:41,2025-12-20 10:23:41,72,71.0,1.5600000000000025,True
PNOR_2026S1_HOBO_QLF,2025-12-20 12:23:41,2025-12-21 09:23:41,22,21.0,0.9770000000000004,False
PNOR_2026S1_HOBO_QLF,2025-12-21 11:23:41,2025-12-22 11:23:41,25,24.0,1.6620000000000026,True
PNOR_2026S1_HOBO_QLF,2025-12-22 13:23:41,2025-12-24 07:23:41,43,42.0,1.465,True
PNOR_2026S1_HOBO_QLF,2025-12-24 15:23:41,2025-12-25 09:23:41,19,18.0,1.269000000000002,False
PNOR_2026S1_HOBO_QLF,2025-12-25 13:23:41,2025-12-26 09:23:41,21,20.0,0.8809999999999967,False
PNOR_2026S1_HOBO_QLF,2025-12-26 12:23:41,2025-12-30 08:23:41,93,92.0,1.8619999999999983,True
PNOR_2026S1_HOBO_QLF,2025-12-30 12:23:41,2025-12-30 12:23:41,1,0.0,0.5899999999999999,False
PNOR_2026S1_HOBO_QLF,2025-12-30 19:23:41,2025-12-31 07:23:41,13,12.0,0.9830000000000004,False
PNOR_2026S1_HOBO_QLF,2025-12-31 11:23:41,2025-12-31 16:23:41,6,5.0,0.9819999999999992,False
PNOR_2026S1_HOBO_QLF,2025-12-31 19:23:41,2026-01-01 05:23:41,11,10.0,0.9830000000000004,False
PNOR_2026S1_HOBO_QLF,2026-01-01 14:23:41,2026-01-01 14:23:41,1,0.0,0.5879999999999974,False
PNOR_2026S1_HOBO_QLF,2026-01-01 21:23:41,2026-01-01 21:23:41,1,0.0,0.5869999999999997,False
PNOR_2026S1_HOBO_QLF,2026-01-02 01:23:41,2026-01-02 03:23:41,3,2.0,0.6829999999999998,False
PNOR_2026S1_HOBO_QLF,2026-01-02 14:23:41,2026-01-02 14:23:41,1,0.0,0.5859999999999985,False
PNOR_2026S1_HOBO_QLF,2026-01-02 20:23:41,2026-01-04 05:23:41,34,33.0,1.269000000000002,True
PNOR_2026S1_HOBO_QLF,2026-01-04 13:23:41,2026-01-06 11:23:41,47,46.0,1.6620000000000026,True
PNOR_2026S1_HOBO_QLF,2026-01-06 13:23:41,2026-01-08 12:23:41,48,47.0,1.7679999999999971,True
PNOR_2026S1_HOBO_QLF,2026-01-08 17:23:41,2026-01-11 10:23:41,66,65.0,1.3739999999999988,True
PNOR_2026S1_HOBO_QLF,2026-01-11 12:23:41,2026-01-12 11:23:41,24,23.0,0.8859999999999992,False
PNOR_2026S1_HOBO_QLF,2026-01-12 16:23:41,2026-01-12 16:23:41,1,0.0,0.5899999999999999,False
PNOR_2026S1_HOBO_QLF,2026-01-12 18:23:41,2026-01-12 21:23:41,4,3.0,0.7859999999999978,False
PNOR_2026S1_HOBO_QLF,2026-01-13 14:23:41,2026-01-14 07:23:41,18,17.0,1.2749999999999986,False
PNOR_2026S1_HOBO_QLF,2026-01-14 12:23:41,2026-01-16 08:23:41,45,44.0,1.376999999999999,True
PNOR_2026S1_HOBO_QLF,2026-01-16 12:23:41,2026-01-17 09:23:41,22,21.0,1.4820000000000029,False
PNOR_2026S1_HOBO_QLF,2026-01-17 13:23:41,2026-01-18 07:23:41,19,18.0,1.285,False
PNOR_2026S1_HOBO_QLF,2026-01-19 22:23:41,2026-01-19 23:23:41,2,1.0,0.5889999999999986,False
PNOR_2026S1_HOBO_QLF,2026-01-20 14:23:41,2026-01-21 09:23:41,20,19.0,0.9830000000000004,False
PNOR_2026S1_HOBO_QLF,2026-01-21 15:23:41,2026-01-22 08:23:41,18,17.0,0.884999999999998,False
PNOR_2026S1_HOBO_QLF,2026-01-22 15:23:41,2026-01-23 08:23:41,18,17.0,0.7880000000000003,False
PNOR_2026S1_HOBO_QLF,2026-01-23 15:23:41,2026-01-24 08:23:41,18,17.0,1.4789999999999992,False
PNOR_2026S1_HOBO_QLF,2026-01-24 16:23:41,2026-01-26 08:23:41,41,40.0,1.088000000000001,True
PNOR_2026S1_HOBO_QLF,2026-01-26 18:23:41,2026-01-27 07:23:41,14,13.0,0.8910000000000018,False
PNOR_2026S1_HOBO_QLF,2026-01-27 14:23:41,2026-01-28 06:23:41,17,16.0,1.0920000000000023,False
PNOR_2026S1_HOBO_QLF,2026-01-28 18:23:41,2026-01-29 00:23:41,7,6.0,0.7930000000000028,False
PNOR_2026S1_HOBO_QLF,2026-01-29 03:23:41,2026-01-29 03:23:41,1,0.0,0.5919999999999987,False
PNOR_2026S1_HOBO_QLF,2026-01-29 05:23:41,2026-01-29 06:23:41,2,1.0,0.5909999999999975,False
PNOR_2026S1_HOBO_QLF,2026-01-29 20:23:41,2026-01-29 23:23:41,4,3.0,0.8889999999999993,False
PNOR_2026S1_HOBO_QLF,2026-01-30 21:23:41,2026-01-30 21:23:41,1,0.0,0.5909999999999975,False
PNOR_2026S1_HOBO_QLF,2026-01-31 01:23:41,2026-01-31 07:23:41,7,6.0,0.6879999999999988,False
PNOR_2026S1_HOBO_QLF,2026-01-31 14:23:41,2026-01-31 14:23:41,1,0.0,0.6899999999999977,False
PNOR_2026S1_HOBO_QLF,2026-01-31 16:23:41,2026-01-31 17:23:41,2,1.0,0.5919999999999987,False
PNOR_2026S1_HOBO_QLF,2026-01-31 19:23:41,2026-02-01 00:23:41,6,5.0,0.786999999999999,False
PNOR_2026S1_HOBO_QLF,2026-02-01 14:23:41,2026-02-01 16:23:41,3,2.0,0.7880000000000003,False
PNOR_2026S1_HOBO_QLF,2026-02-01 21:23:41,2026-02-02 02:23:41,6,5.0,0.884999999999998,False
PNOR_2026S1_HOBO_QLF,2026-02-02 13:23:41,2026-02-02 18:23:41,6,5.0,0.8870000000000005,False
PNOR_2026S1_HOBO_QLF,2026-02-02 20:23:41,2026-02-03 07:23:41,12,11.0,0.884999999999998,False
PNOR_2026S1_HOBO_QLF,2026-02-03 13:23:41,2026-02-04 05:23:41,17,16.0,0.9869999999999984,False
PNOR_2026S1_HOBO_QLF,2026-02-04 14:23:41,2026-02-04 20:23:41,7,6.0,0.7899999999999991,False
PNOR_2026S1_HOBO_QLF,2026-02-04 22:23:41,2026-02-05 03:23:41,6,5.0,0.6890000000000001,False
PNOR_2026S1_HOBO_QLF,2026-02-05 05:23:41,2026-02-05 05:23:41,1,0.0,0.5899999999999999,False
PNOR_2026S1_HOBO_QLF,2026-02-05 18:23:41,2026-02-05 19:23:41,2,1.0,0.6890000000000001,False
PNOR_2026S1_HOBO_QLF,2026-02-06 01:23:41,2026-02-06 04:23:41,4,3.0,0.5899999999999999,False
PNOR_2026S1_HOBO_QLF,2026-02-06 06:23:41,2026-02-06 06:23:41,1,0.0,0.5889999999999986,False
PNOR_2026S1_HOBO_QLF,2026-02-06 18:23:41,2026-02-06 18:23:41,1,0.0,0.5910000000000011,False
PNOR_2026S1_HOBO_QLF,2026-02-08 16:23:41,2026-02-08 16:23:41,1,0.0,0.5889999999999986,False
PNOR_2026S1_HOBO_QLF,2026-02-08 18:23:41,2026-02-08 19:23:41,2,1.0,0.5879999999999974,False
PNOR_2026S1_HOBO_QLF,2026-02-09 00:23:41,2026-02-09 04:23:41,5,4.0,0.6829999999999998,False
PNOR_2026S1_HOBO_QLF,2026-02-09 17:23:41,2026-02-10 09:23:41,17,16.0,1.3729999999999976,False
PNOR_2026S1_HOBO_QLF,2026-02-10 15:23:41,2026-02-11 03:23:41,13,12.0,1.0809999999999995,False
PNOR_2026S1_HOBO_QLF,2026-02-11 05:23:41,2026-02-11 05:23:41,1,0.0,0.5869999999999997,False
PNOR_2026S1_HOBO_QLF,2026-02-11 20:23:41,2026-02-11 21:23:41,2,1.0,0.6890000000000001,False
PNOR_2026S1_HOBO_QLF,2026-02-12 01:23:41,2026-02-12 04:23:41,4,3.0,0.6849999999999987,False
PNOR_2026S1_HOBO_QLF,2026-02-12 22:23:41,2026-02-12 22:23:41,1,0.0,0.5889999999999986,False
PNOR_2026S1_HOBO_QLF,2026-02-13 00:23:41,2026-02-13 02:23:41,3,2.0,0.7839999999999989,False
PNOR_2026S1_HOBO_QLF,2026-02-13 13:23:41,2026-02-13 18:23:41,6,5.0,0.8840000000000003,False
PNOR_2026S1_HOBO_QLF,2026-02-13 21:23:41,2026-02-13 21:23:41,1,0.0,0.5890000000000022,False
PNOR_2026S1_HOBO_QLF,2026-02-14 00:23:41,2026-02-14 00:23:41,1,0.0,0.5879999999999974,False
PNOR_2026S1_HOBO_QLF,2026-02-14 02:23:41,2026-02-14 03:23:41,2,1.0,0.5869999999999997,False
PNOR_2026S1_HOBO_QLF,2026-02-14 15:23:41,2026-02-14 16:23:41,2,1.0,0.5889999999999986,False
PNOR_2026S1_HOBO_QLF,2026-02-15 13:23:41,2026-02-16 06:23:41,18,17.0,0.9819999999999992,False
PNOR_2026S1_HOBO_QLF,2026-02-16 14:23:41,2026-02-16 17:23:41,4,3.0,0.8859999999999992,False
PNOR_2026S1_HOBO_QLF,2026-02-16 19:23:41,2026-02-17 06:23:41,12,11.0,0.7860000000000014,False
PNOR_2026S1_HOBO_QLF,2026-02-17 14:23:41,2026-02-18 02:23:41,13,12.0,1.0850000000000009,False
PNOR_2026S1_HOBO_QLF,2026-02-18 17:23:41,2026-02-18 18:23:41,2,1.0,0.6890000000000001,False
PNOR_2026S1_HOBO_QLF,2026-02-19 00:23:41,2026-02-19 02:23:41,3,2.0,0.6879999999999988,False
PNOR_2026S1_HOBO_QLF,2026-02-19 15:23:41,2026-02-19 20:23:41,6,5.0,0.9860000000000008,False
PNOR_2026S1_HOBO_QLF,2026-02-19 23:23:41,2026-02-20 07:23:41,9,8.0,0.8840000000000003,False
PNOR_2026S1_HOBO_QLF,2026-02-20 15:23:41,2026-02-20 20:23:41,6,5.0,0.8859999999999992,False
PNOR_2026S1_HOBO_QLF,2026-02-21 01:23:41,2026-02-21 02:23:41,2,1.0,0.5899999999999999,False
PNOR_2026S1_HOBO_QLF,2026-02-21 05:23:41,2026-02-21 05:23:41,1,0.0,0.5889999999999986,False
PNOR_2026S1_HOBO_QLF,2026-02-21 17:23:41,2026-02-21 21:23:41,5,4.0,0.7880000000000003,False
PNOR_2026S1_HOBO_QLF,2026-02-22 02:23:41,2026-02-22 04:23:41,3,2.0,0.5899999999999999,False
PNOR_2026S1_HOBO_QLF,2026-02-22 15:23:41,2026-02-22 22:23:41,8,7.0,0.8870000000000005,False
PNOR_2026S1_HOBO_QLF,2026-02-23 01:23:41,2026-02-23 07:23:41,7,6.0,0.6879999999999988,False
PNOR_2026S1_HOBO_QLF,2026-02-23 15:23:41,2026-02-24 07:23:41,17,16.0,1.1849999999999987,False
PNOR_2026S1_HOBO_QLF,2026-02-26 02:23:41,2026-02-26 02:23:41,1,0.0,0.5890000000000022,False
PNOR_2026S1_HOBO_QLF,2026-02-26 04:23:41,2026-02-26 18:23:41,15,14.0,1.372,False
PNOR_2026S1_HOBO_QLF,2026-02-26 20:23:41,2026-02-27 00:23:41,5,4.0,0.5859999999999985,False
PNOR_2026S1_HOBO_QLF,2026-02-28 15:23:41,2026-02-28 15:23:41,1,0.0,0.5829999999999984,False
PNOR_2026S1_HOBO_QLF,2026-02-28 18:23:41,2026-03-02 09:23:41,40,39.0,1.3649999999999984,True
PNOR_2026S1_HOBO_QLF,2026-03-02 11:23:41,2026-03-02 11:23:41,1,0.0,0.5859999999999985,False
PNOR_2026S1_HOBO_QLF,2026-03-02 13:23:41,2026-03-03 00:23:41,12,11.0,0.7809999999999988,False
PNOR_2026S1_HOBO_QLF,2026-03-03 02:23:41,2026-03-03 02:23:41,1,0.0,0.5859999999999985,False
PNOR_2026S1_HOBO_QLF,2026-03-03 05:23:41,2026-03-03 06:23:41,2,1.0,0.5859999999999985,False
PNOR_2026S1_HOBO_QLF,2026-03-03 15:23:41,2026-03-03 15:23:41,1,0.0,0.5869999999999997,False
PNOR_2026S1_HOBO_QLF,2026-03-03 23:23:41,2026-03-04 01:23:41,3,2.0,0.5859999999999985,False
PNOR_2026S1_HOBO_QLF,2026-03-04 15:23:41,2026-03-04 20:23:41,6,5.0,0.6849999999999987,False
PNOR_2026S1_HOBO_QLF,2026-03-04 23:23:41,2026-03-04 23:23:41,1,0.0,0.5869999999999997,False
PNOR_2026S1_HOBO_QLF,2026-03-05 04:23:41,2026-03-05 07:23:41,4,3.0,0.5869999999999997,False
PNOR_2026S1_HOBO_QLF,2026-03-05 14:23:41,2026-03-06 07:23:41,18,17.0,1.1769999999999996,False
PNOR_2026S1_HOBO_QLF,2026-03-06 13:23:41,2026-03-06 16:23:41,4,3.0,0.7859999999999978,False
PNOR_2026S1_HOBO_QLF,2026-03-06 19:23:41,2026-03-07 06:23:41,12,11.0,0.884999999999998,False
PNOR_2026S1_HOBO_QLF,2026-03-07 14:23:41,2026-03-07 15:23:41,2,1.0,0.786999999999999,False
PNOR_2026S1_HOBO_QLF,2026-03-07 17:23:41,2026-03-07 19:23:41,3,2.0,0.5919999999999987,False
PNOR_2026S1_HOBO_QLF,2026-03-07 23:23:41,2026-03-08 07:23:41,9,8.0,0.7860000000000014,False
PNOR_2026S1_HOBO_QLF,2026-03-08 22:23:41,2026-03-09 00:23:41,3,2.0,0.9860000000000008,False
PNOR_2026S1_HOBO_QLF,2026-03-09 04:23:41,2026-03-09 06:23:41,3,2.0,0.786999999999999,False
PNOR_2026S1_HOBO_QLF,2026-03-09 14:23:41,2026-03-09 18:23:41,5,4.0,0.7880000000000003,False
PNOR_2026S1_HOBO_QLF,2026-03-10 00:23:41,2026-03-10 00:23:41,1,0.0,0.6890000000000001,False
PNOR_2026S1_HOBO_QLF,2026-03-10 04:23:41,2026-03-10 04:23:41,1,0.0,0.5899999999999999,False
PNOR_2026S1_HOBO_QLF,2026-03-10 15:23:41,2026-03-10 15:23:41,1,0.0,0.5909999999999975,False
PNOR_2026S1_HOBO_QLF,2026-03-10 17:23:41,2026-03-10 20:23:41,4,3.0,0.6890000000000001,False
PNOR_2026S1_HOBO_QLF,2026-03-11 02:23:41,2026-03-11 03:23:41,2,1.0,0.5910000000000011,False
PNOR_2026S1_HOBO_QLF,2026-03-11 13:23:41,2026-03-12 06:23:41,18,17.0,1.1849999999999987,False
PNOR_2026S1_HOBO_QLF,2026-03-13 19:23:41,2026-03-13 19:23:41,1,0.0,0.5899999999999999,False
PNOR_2026S1_HOBO_QLF,2026-03-13 21:23:41,2026-03-13 21:23:41,1,0.0,0.5899999999999999,False
RODORASO_2024S1_HOBO_QLF,2023-10-21 01:50:21,2023-10-21 01:50:21,1,0.0,1.652000000000001,False
RODORASO_2024S1_HOBO_QLF,2024-03-17 15:50:21,2024-03-17 16:50:21,2,1.0,0.8000000000000007,False
RODORASO_2025S1_HOBO_QLF,2024-10-27 13:30:09,2024-10-27 13:30:09,1,0.0,0.5850000000000009,False
RODORASO_2025S1_HOBO_QLF,2024-11-03 02:30:09,2024-11-03 10:30:09,5,8.0,0.5890000000000022,False
RODORASO_2025S1_HOBO_QLF,2024-11-03 16:30:09,2024-11-03 16:30:09,1,0.0,0.5890000000000022,False
RODORASO_2025S1_HOBO_QLF,2024-11-05 00:30:09,2024-11-05 02:30:09,2,2.0,0.5869999999999997,False
RODORASO_2025S1_HOBO_QLF,2024-11-06 08:30:09,2024-11-06 08:30:09,1,0.0,0.5869999999999997,False
RODORASO_2025S1_HOBO_QLF,2024-11-07 08:30:09,2024-11-07 12:30:09,3,4.0,0.5869999999999997,False
RODORASO_2025S1_HOBO_QLF,2024-11-08 10:30:09,2024-11-08 12:30:09,2,2.0,0.5859999999999985,False
RODORASO_2025S1_HOBO_QLF,2024-11-10 04:30:09,2024-11-10 06:30:09,2,2.0,0.5839999999999996,False
RODORASO_2025S1_HOBO_QLF,2024-11-11 04:30:09,2024-11-11 04:30:09,1,0.0,0.5859999999999985,False
RODORASO_2025S1_HOBO_QLF,2024-11-11 10:30:09,2024-11-11 14:30:09,3,4.0,0.684000000000001,False
RODORASO_2025S1_HOBO_QLF,2024-11-12 00:30:09,2024-11-12 00:30:09,1,0.0,0.5850000000000009,False
RODORASO_2025S1_HOBO_QLF,2024-11-12 14:30:09,2024-11-12 18:30:09,3,4.0,0.588000000000001,False
RODORASO_2025S1_HOBO_QLF,2024-11-12 22:30:09,2024-11-12 22:30:09,1,0.0,0.5869999999999997,False
RODORASO_2025S1_HOBO_QLF,2024-11-14 20:30:09,2024-11-14 20:30:09,1,0.0,0.5859999999999985,False
RODORASO_2025S1_HOBO_QLF,2024-11-15 02:30:09,2024-11-15 02:30:09,1,0.0,0.5839999999999996,False
RODORASO_2025S1_HOBO_QLF,2024-11-15 08:30:09,2024-11-15 08:30:09,1,0.0,0.5859999999999985,False
RODORASO_2025S1_HOBO_QLF,2024-11-15 14:30:09,2024-11-15 14:30:09,1,0.0,0.5859999999999985,False
RODORASO_2025S1_HOBO_QLF,2024-11-15 20:30:09,2024-11-15 20:30:09,1,0.0,0.5859999999999985,False
RODORASO_2025S1_HOBO_QLF,2024-11-16 14:30:09,2024-11-16 20:30:09,4,6.0,0.5859999999999985,False
RODORASO_2025S1_HOBO_QLF,2024-11-17 04:30:09,2024-11-17 04:30:09,1,0.0,0.5850000000000009,False
RODORASO_2025S1_HOBO_QLF,2024-11-17 08:30:09,2024-11-17 16:30:09,5,8.0,0.684000000000001,False
RODORASO_2025S1_HOBO_QLF,2024-11-18 04:30:09,2024-11-18 10:30:09,4,6.0,0.6829999999999998,False
RODORASO_2025S1_HOBO_QLF,2024-11-18 14:30:09,2024-11-18 16:30:09,2,2.0,0.6829999999999998,False
RODORASO_2025S1_HOBO_QLF,2024-11-19 02:30:09,2024-11-19 04:30:09,2,2.0,0.5850000000000009,False
RODORASO_2025S1_HOBO_QLF,2024-11-19 08:30:09,2024-11-19 18:30:09,6,10.0,0.5869999999999997,False
RODORASO_2025S1_HOBO_QLF,2024-11-19 22:30:09,2024-11-20 00:30:09,2,2.0,0.5859999999999985,False
RODORASO_2025S1_HOBO_QLF,2024-11-20 12:30:09,2024-11-20 14:30:09,2,2.0,0.5850000000000009,False
RODORASO_2025S1_HOBO_QLF,2024-11-21 04:30:09,2024-11-21 04:30:09,1,0.0,0.5839999999999996,False
RODORASO_2025S1_HOBO_QLF,2024-11-21 18:30:09,2024-11-21 18:30:09,1,0.0,0.5850000000000009,False
RODORASO_2025S1_HOBO_QLF,2024-11-23 08:30:09,2024-11-23 10:30:09,2,2.0,0.6829999999999998,False
RODORASO_2025S1_HOBO_QLF,2024-11-23 14:30:09,2024-11-23 14:30:09,1,0.0,0.5850000000000009,False
RODORASO_2025S1_HOBO_QLF,2024-11-23 18:30:09,2024-11-23 20:30:09,2,2.0,0.5859999999999985,False
RODORASO_2025S1_HOBO_QLF,2024-11-24 10:30:09,2024-11-24 10:30:09,1,0.0,0.5859999999999985,False
RODORASO_2025S1_HOBO_QLF,2024-11-24 16:30:09,2024-11-24 16:30:09,1,0.0,0.5839999999999996,False
RODORASO_2025S1_HOBO_QLF,2024-11-25 04:30:09,2024-11-25 08:30:09,3,4.0,0.5850000000000009,False
RODORASO_2025S1_HOBO_QLF,2024-11-26 00:30:09,2024-11-26 00:30:09,1,0.0,0.5839999999999996,False
RODORASO_2025S1_HOBO_QLF,2024-11-26 08:30:09,2024-11-26 10:30:09,2,2.0,0.5850000000000009,False
RODORASO_2025S1_HOBO_QLF,2024-11-26 22:30:09,2024-11-27 02:30:09,3,4.0,0.5839999999999996,False
RODORASO_2025S1_HOBO_QLF,2024-11-27 06:30:09,2024-11-27 06:30:09,1,0.0,0.5839999999999996,False
RODORASO_2025S1_HOBO_QLF,2024-11-27 10:30:09,2024-11-27 10:30:09,1,0.0,0.5850000000000009,False
RODORASO_2025S1_HOBO_QLF,2024-11-27 18:30:09,2024-11-27 18:30:09,1,0.0,0.5859999999999985,False
RODORASO_2025S1_HOBO_QLF,2024-11-27 22:30:09,2024-11-27 22:30:09,1,0.0,0.5839999999999996,False
RODORASO_2025S1_HOBO_QLF,2024-11-28 08:30:09,2024-11-28 08:30:09,1,0.0,0.5839999999999996,False
RODORASO_2025S1_HOBO_QLF,2024-11-28 12:30:09,2024-11-28 12:30:09,1,0.0,0.5859999999999985,False
RODORASO_2025S1_HOBO_QLF,2024-11-28 22:30:09,2024-11-29 00:30:09,2,2.0,0.5859999999999985,False
RODORASO_2025S1_HOBO_QLF,2024-11-29 06:30:09,2024-11-29 06:30:09,1,0.0,0.5859999999999985,False
RODORASO_2025S1_HOBO_QLF,2024-11-29 10:30:09,2024-11-29 14:30:09,3,4.0,0.5890000000000022,False
RODORASO_2025S1_HOBO_QLF,2024-11-30 06:30:09,2024-11-30 06:30:09,1,0.0,0.5869999999999997,False
RODORASO_2025S1_HOBO_QLF,2024-11-30 10:30:09,2024-11-30 12:30:09,2,2.0,0.5890000000000022,False
RODORASO_2025S1_HOBO_QLF,2024-11-30 16:30:09,2024-11-30 16:30:09,1,0.0,0.5890000000000022,False
RODORASO_2025S1_HOBO_QLF,2024-12-01 02:30:09,2024-12-01 06:30:09,3,4.0,0.5869999999999997,False
RODORASO_2025S1_HOBO_QLF,2024-12-01 14:30:09,2024-12-01 16:30:09,2,2.0,0.5869999999999997,False
RODORASO_2025S1_HOBO_QLF,2024-12-02 02:30:09,2024-12-02 02:30:09,1,0.0,0.5869999999999997,False
RODORASO_2025S1_HOBO_QLF,2024-12-02 10:30:09,2024-12-02 14:30:09,3,4.0,0.5890000000000022,False
RODORASO_2025S1_HOBO_QLF,2024-12-03 02:30:09,2024-12-03 02:30:09,1,0.0,0.5859999999999985,False
RODORASO_2025S1_HOBO_QLF,2024-12-03 14:30:09,2024-12-03 14:30:09,1,0.0,0.5859999999999985,False
RODORASO_2025S1_HOBO_QLF,2024-12-04 02:30:09,2024-12-04 04:30:09,2,2.0,0.5850000000000009,False
RODORASO_2025S1_HOBO_QLF,2024-12-04 10:30:09,2024-12-04 14:30:09,3,4.0,0.5850000000000009,False
RODORASO_2025S1_HOBO_QLF,2024-12-05 04:30:09,2024-12-05 04:30:09,1,0.0,0.583000000000002,False
RODORASO_2025S1_HOBO_QLF,2024-12-05 08:30:09,2024-12-05 10:30:09,2,2.0,0.5839999999999996,False
RODORASO_2025S1_HOBO_QLF,2024-12-05 14:30:09,2024-12-05 18:30:09,3,4.0,0.5850000000000009,False
RODORASO_2025S1_HOBO_QLF,2024-12-06 04:30:09,2024-12-06 06:30:09,2,2.0,0.5839999999999996,False
RODORASO_2025S1_HOBO_QLF,2024-12-06 12:30:09,2024-12-06 14:30:09,2,2.0,0.5859999999999985,False
RODORASO_2025S1_HOBO_QLF,2024-12-06 18:30:09,2024-12-06 20:30:09,2,2.0,0.5850000000000009,False
RODORASO_2025S1_HOBO_QLF,2024-12-07 00:30:09,2024-12-07 02:30:09,2,2.0,0.5850000000000009,False
RODORASO_2025S1_HOBO_QLF,2024-12-07 06:30:09,2024-12-07 16:30:09,6,10.0,0.5859999999999985,False
RODORASO_2025S1_HOBO_QLF,2024-12-07 20:30:09,2024-12-08 00:30:09,3,4.0,0.5859999999999985,False
RODORASO_2025S1_HOBO_QLF,2024-12-08 04:30:09,2024-12-08 12:30:09,5,8.0,0.5859999999999985,False
RODORASO_2025S1_HOBO_QLF,2024-12-08 16:30:09,2024-12-10 18:30:09,26,50.0,0.6819999999999986,True
RODORASO_2025S1_HOBO_QLF,2024-12-10 22:30:09,2024-12-11 00:30:09,2,2.0,0.5839999999999996,False
RODORASO_2025S1_HOBO_QLF,2024-12-11 04:30:09,2024-12-11 22:30:09,10,18.0,0.5859999999999985,False
RODORASO_2025S1_HOBO_QLF,2024-12-12 02:30:09,2024-12-13 00:30:09,12,22.0,0.5850000000000009,False
RODORASO_2025S1_HOBO_QLF,2024-12-13 04:30:09,2024-12-13 20:30:09,9,16.0,0.5859999999999985,False
RODORASO_2025S1_HOBO_QLF,2024-12-14 00:30:09,2024-12-14 00:30:09,1,0.0,0.5850000000000009,False
RODORASO_2025S1_HOBO_QLF,2024-12-14 04:30:09,2024-12-14 14:30:09,6,10.0,0.5859999999999985,False
RODORASO_2025S1_HOBO_QLF,2024-12-14 20:30:09,2024-12-14 22:30:09,2,2.0,0.5869999999999997,False
RODORASO_2025S1_HOBO_QLF,2024-12-15 04:30:09,2024-12-16 00:30:09,11,20.0,0.5859999999999985,False
RODORASO_2025S1_HOBO_QLF,2024-12-16 04:30:09,2024-12-16 20:30:09,9,16.0,0.5859999999999985,False
RODORASO_2025S1_HOBO_QLF,2024-12-17 00:30:09,2024-12-28 08:30:09,137,272.0,0.6870000000000012,True
RODORASO_2025S1_HOBO_QLF,2024-12-28 12:30:09,2025-01-07 12:30:09,121,240.0,0.6850000000000023,True
RODORASO_2025S1_HOBO_QLF,2025-01-07 16:30:09,2025-03-26 13:30:09,936,1869.0,0.997,True
SGOM_2019S1_HOBO_QLF,2019-02-05 20:00:00,2019-02-05 20:00:00,1,0.0,0.6890000000000001,False
SGOM_2019S1_HOBO_QLF,2019-02-25 14:00:00,2019-02-25 14:00:00,1,0.0,0.5050000000000026,False
SGOM_2021S2_HOBO_QLF,2021-08-20 16:11:18,2021-08-20 16:11:18,1,0.0,0.5779999999999994,False
SGOM_2022S1_HOBO_QLF,2021-08-21 09:08:39,2021-08-21 11:08:39,2,2.0,0.5820000000000007,False
SGOM_2022S1_HOBO_QLF,2021-08-22 09:08:39,2021-08-22 11:08:39,2,2.0,0.5829999999999984,False
SGOM_2022S1_HOBO_QLF,2021-08-23 09:08:39,2021-08-23 09:08:39,1,0.0,0.5829999999999984,False
SGOM_2022S1_HOBO_QLF,2021-08-24 09:08:39,2021-08-24 11:08:39,2,2.0,0.5839999999999996,False
SGOM_2022S1_HOBO_QLF,2022-03-05 13:08:39,2022-03-05 13:08:39,1,0.0,0.6940000000000026,False
SGOM_2022S1_HOBO_QLF,2022-03-09 11:08:39,2022-03-09 11:08:39,1,0.0,0.6960000000000015,False
SGOM_2023S2_HOBO_QLF,2023-07-28 08:39:49,2023-07-28 08:39:49,1,0.0,0.5820000000000007,False
SGOM_2023S2_HOBO_QLF,2023-07-29 04:39:49,2023-07-29 04:39:49,1,0.0,0.5820000000000007,False
SGOM_2023S2_HOBO_QLF,2023-07-30 10:39:49,2023-07-30 10:39:49,1,0.0,0.5820000000000007,False
SGOM_2023S2_HOBO_QLF,2023-08-02 04:39:49,2023-08-02 04:39:49,1,0.0,0.5799999999999983,False
SGOM_2023S2_HOBO_QLF,2023-08-02 08:39:49,2023-08-02 08:39:49,1,0.0,0.5810000000000031,False
SGOM_2023S2_HOBO_QLF,2023-08-03 02:39:49,2023-08-03 02:39:49,1,0.0,0.5809999999999995,False
SGOM_2023S2_HOBO_QLF,2023-08-03 14:39:49,2023-08-03 18:39:49,3,4.0,0.5820000000000007,False
SGOM_2023S2_HOBO_QLF,2023-08-04 02:39:49,2023-08-04 02:39:49,1,0.0,0.5799999999999983,False
SGOM_2023S2_HOBO_QLF,2023-08-04 08:39:49,2023-08-04 20:39:49,7,12.0,0.5829999999999984,False
SGOM_2023S2_HOBO_QLF,2023-08-05 08:39:49,2023-08-05 08:39:49,1,0.0,0.5820000000000007,False
SGOM_2023S2_HOBO_QLF,2023-08-05 16:39:49,2023-08-05 16:39:49,1,0.0,0.5820000000000007,False
SGOM_2023S2_HOBO_QLF,2023-08-06 00:39:49,2023-08-06 04:39:49,3,4.0,0.5820000000000007,False
SGOM_2023S2_HOBO_QLF,2023-08-06 08:39:49,2023-08-06 08:39:49,1,0.0,0.5820000000000007,False
SGOM_2023S2_HOBO_QLF,2023-08-06 12:39:49,2023-08-06 14:39:49,2,2.0,0.5829999999999984,False
SGOM_2023S2_HOBO_QLF,2023-08-06 20:39:49,2023-08-06 20:39:49,1,0.0,0.5820000000000007,False
SGOM_2023S2_HOBO_QLF,2023-08-07 02:39:49,2023-08-07 02:39:49,1,0.0,0.5809999999999995,False
SGOM_2023S2_HOBO_QLF,2023-08-07 16:39:49,2023-08-07 16:39:49,1,0.0,0.5829999999999984,False
SGOM_2023S2_HOBO_QLF,2023-08-08 00:39:49,2023-08-08 00:39:49,1,0.0,0.5820000000000007,False
SGOM_2023S2_HOBO_QLF,2023-08-08 04:39:49,2023-08-08 08:39:49,3,4.0,0.5820000000000007,False
SGOM_2023S2_HOBO_QLF,2023-08-08 12:39:49,2023-08-08 12:39:49,1,0.0,0.5850000000000009,False
SGOM_2023S2_HOBO_QLF,2023-08-08 16:39:49,2023-08-08 16:39:49,1,0.0,0.583000000000002,False
SGOM_2023S2_HOBO_QLF,2023-08-08 20:39:49,2023-08-08 20:39:49,1,0.0,0.583000000000002,False
SGOM_2023S2_HOBO_QLF,2023-08-09 04:39:49,2023-08-09 04:39:49,1,0.0,0.583000000000002,False
SGOM_2023S2_HOBO_QLF,2023-08-09 10:39:49,2023-08-09 10:39:49,1,0.0,0.583000000000002,False
SGOM_2023S2_HOBO_QLF,2023-08-09 14:39:49,2023-08-09 14:39:49,1,0.0,0.5839999999999996,False
SGOM_2023S2_HOBO_QLF,2023-08-09 22:39:49,2023-08-09 22:39:49,1,0.0,0.5839999999999996,False
SGOM_2023S2_HOBO_QLF,2023-08-11 10:39:49,2023-08-11 10:39:49,1,0.0,0.5839999999999996,False
SGOM_2023S2_HOBO_QLF,2023-08-11 14:39:49,2023-08-11 14:39:49,1,0.0,0.5850000000000009,False
SGOM_2023S2_HOBO_QLF,2023-08-11 22:39:49,2023-08-12 00:39:49,2,2.0,0.5839999999999996,False
SGOM_2023S2_HOBO_QLF,2023-08-12 08:39:49,2023-08-12 08:39:49,1,0.0,0.5839999999999996,False
SGOM_2023S2_HOBO_QLF,2023-08-12 14:39:49,2023-08-13 00:39:49,6,10.0,0.5850000000000009,False
SGOM_2023S2_HOBO_QLF,2023-08-13 08:39:49,2023-08-13 16:39:49,5,8.0,0.6810000000000009,False
SGOM_2023S2_HOBO_QLF,2023-08-13 22:39:49,2023-08-14 00:39:49,2,2.0,0.5839999999999996,False
SGOM_2023S2_HOBO_QLF,2023-08-14 04:39:49,2023-08-14 16:39:49,7,12.0,0.5839999999999996,False
SGOM_2023S2_HOBO_QLF,2023-08-14 20:39:49,2023-08-15 00:39:49,3,4.0,0.5839999999999996,False
SGOM_2023S2_HOBO_QLF,2023-08-15 04:39:49,2023-08-16 00:39:49,11,20.0,0.5839999999999996,False
SGOM_2023S2_HOBO_QLF,2023-08-16 06:39:49,2023-08-16 06:39:49,1,0.0,0.5829999999999984,False
SGOM_2023S2_HOBO_QLF,2023-08-16 10:39:49,2023-08-16 12:39:49,2,2.0,0.5850000000000009,False
SGOM_2023S2_HOBO_QLF,2023-08-16 16:39:49,2023-08-16 16:39:49,1,0.0,0.5850000000000009,False
SGOM_2023S2_HOBO_QLF,2023-08-16 22:39:49,2023-08-16 22:39:49,1,0.0,0.5840000000000032,False
SGOM_2023S2_HOBO_QLF,2023-08-17 02:39:49,2023-08-17 04:39:49,2,2.0,0.5839999999999996,False
SGOM_2023S2_HOBO_QLF,2023-08-17 08:39:49,2023-08-17 08:39:49,1,0.0,0.5829999999999984,False
SGOM_2023S2_HOBO_QLF,2023-08-17 14:39:49,2023-08-17 22:39:49,5,8.0,0.5850000000000009,False
SGOM_2023S2_HOBO_QLF,2023-08-18 02:39:49,2023-08-18 02:39:49,1,0.0,0.5839999999999996,False
SGOM_2023S2_HOBO_QLF,2023-08-18 06:39:49,2023-08-18 06:39:49,1,0.0,0.5839999999999996,False
SGOM_2023S2_HOBO_QLF,2023-08-18 10:39:49,2023-08-18 10:39:49,1,0.0,0.6820000000000022,False
SGOM_2023S2_HOBO_QLF,2023-08-18 22:39:49,2023-08-18 22:39:49,1,0.0,0.583000000000002,False
SGOM_2023S2_HOBO_QLF,2023-08-19 02:39:49,2023-08-19 16:39:49,8,14.0,0.5859999999999985,False
SGOM_2023S2_HOBO_QLF,2023-08-19 20:39:49,2023-08-19 20:39:49,1,0.0,0.5839999999999996,False
SGOM_2023S2_HOBO_QLF,2023-08-20 00:39:49,2023-08-20 02:39:49,2,2.0,0.583000000000002,False
SGOM_2023S2_HOBO_QLF,2023-08-20 06:39:49,2023-08-20 06:39:49,1,0.0,0.5839999999999996,False
SGOM_2023S2_HOBO_QLF,2023-08-20 10:39:49,2023-08-20 12:39:49,2,2.0,0.5859999999999985,False
SGOM_2023S2_HOBO_QLF,2023-08-20 16:39:49,2023-08-20 18:39:49,2,2.0,0.5850000000000009,False
SGOM_2023S2_HOBO_QLF,2023-08-20 22:39:49,2023-08-20 22:39:49,1,0.0,0.5839999999999996,False
SGOM_2023S2_HOBO_QLF,2023-08-21 02:39:49,2023-08-21 22:39:49,11,20.0,0.5850000000000009,False
SGOM_2023S2_HOBO_QLF,2023-08-22 02:39:49,2023-08-22 12:39:49,6,10.0,0.5859999999999985,False
SGOM_2023S2_HOBO_QLF,2023-08-22 18:39:49,2023-08-23 00:39:49,4,6.0,0.5859999999999985,False
SGOM_2023S2_HOBO_QLF,2023-08-23 06:39:49,2023-08-24 06:39:49,13,24.0,0.6849999999999987,True
SGOM_2023S2_HOBO_QLF,2023-08-24 10:39:49,2023-08-24 12:39:49,2,2.0,0.5869999999999997,False
SGOM_2023S2_HOBO_QLF,2023-08-24 18:39:49,2023-08-24 18:39:49,1,0.0,0.5859999999999985,False
SGOM_2023S2_HOBO_QLF,2023-08-25 00:39:49,2023-08-25 10:39:49,6,10.0,0.5859999999999985,False
SGOM_2023S2_HOBO_QLF,2023-08-25 14:39:49,2023-08-25 14:39:49,1,0.0,0.5869999999999997,False
SGOM_2023S2_HOBO_QLF,2023-08-25 18:39:49,2023-08-26 04:39:49,6,10.0,0.5859999999999985,False
SGOM_2023S2_HOBO_QLF,2023-08-26 08:39:49,2023-08-26 14:39:49,4,6.0,0.5859999999999985,False
SGOM_2023S2_HOBO_QLF,2023-08-26 18:39:49,2023-08-27 04:39:49,6,10.0,0.5859999999999985,False
SGOM_2023S2_HOBO_QLF,2023-08-27 10:39:49,2023-08-27 10:39:49,1,0.0,0.5859999999999985,False
SGOM_2023S2_HOBO_QLF,2023-08-27 14:39:49,2023-10-08 08:39:49,502,1002.0,0.8829999999999991,True
SGOM_2023S2_HOBO_QLF,2023-10-08 12:39:49,2023-10-11 06:39:49,34,66.0,0.7859999999999978,True
SGOM_2023S2_HOBO_QLF,2023-10-11 12:39:49,2023-10-12 06:39:49,10,18.0,0.7839999999999989,False
SGOM_2023S2_HOBO_QLF,2023-10-12 18:39:49,2023-10-12 18:39:49,1,0.0,0.5829999999999984,False
SGOM_2023S2_HOBO_QLF,2023-10-13 00:39:49,2023-10-13 12:39:49,7,12.0,0.8809999999999967,False
SGOM_2023S2_HOBO_QLF,2023-10-13 16:39:49,2023-10-14 04:39:49,7,12.0,2.058999999999997,False
SGOM_2023S2_HOBO_QLF,2023-10-14 08:39:49,2023-10-17 10:39:49,38,74.0,1.006999999999998,True
SGOM_2024S1_HOBO_QLF,2023-10-12 09:34:34,2023-10-12 09:34:34,1,0.0,0.5879999999999974,False
SGOM_2025S1_HOBO_QLF,2024-09-24 12:45:48,2024-09-24 12:45:48,1,0.0,0.5899999999999999,False
SGOM_2026S1_HOBO_QLF,2025-09-12 13:36:05,2025-09-12 13:36:05,1,0.0,0.5869999999999997,False
SGOM_2026S1_HOBO_QLF,2025-09-13 21:36:05,2026-03-18 11:36:05,2228,4454.0,11.238999999999995,True
TIM2_2019S2_HOBO_QLF,2019-09-18 14:00:00,2019-09-18 18:00:00,5,4.0,1.3729999999999976,False
TIM2_2024S2_HOBO_QLF,2024-03-21 08:04:55,2024-03-21 08:04:55,1,0.0,0.8879999999999981,False
TIM2_2024S2_HOBO_QLF,2024-08-17 06:04:55,2024-08-17 06:04:55,1,0.0,0.583000000000002,False
TIM2_2024S2_HOBO_QLF,2024-08-19 12:04:55,2024-08-19 12:04:55,1,0.0,0.5850000000000009,False
TIM2_2024S2_HOBO_QLF,2024-08-19 16:04:55,2024-08-19 16:04:55,1,0.0,0.5839999999999996,False
TIM2_2024S2_HOBO_QLF,2024-08-21 16:04:55,2024-08-21 18:04:55,2,2.0,0.5850000000000009,False
TIM2_2024S2_HOBO_QLF,2024-08-22 18:04:55,2024-08-22 18:04:55,1,0.0,0.5859999999999985,False
TIM2_2024S2_HOBO_QLF,2024-08-24 02:04:55,2024-08-24 08:04:55,4,6.0,0.5859999999999985,False
TIM2_2024S2_HOBO_QLF,2024-08-25 00:04:55,2024-08-25 00:04:55,1,0.0,0.5859999999999985,False
TIM2_2024S2_HOBO_QLF,2024-08-25 14:04:55,2024-08-25 16:04:55,2,2.0,0.5859999999999985,False
TIM2_2024S2_HOBO_QLF,2024-08-26 14:04:55,2024-08-26 14:04:55,1,0.0,0.5869999999999997,False
TIM2_2024S2_HOBO_QLF,2024-08-26 18:04:55,2024-08-26 18:04:55,1,0.0,0.5869999999999997,False
TIM2_2024S2_HOBO_QLF,2024-08-26 22:04:55,2024-08-26 22:04:55,1,0.0,0.5869999999999997,False
TIM2_2024S2_HOBO_QLF,2024-08-27 02:04:55,2024-08-27 02:04:55,1,0.0,0.5859999999999985,False
TIM2_2024S2_HOBO_QLF,2024-08-27 08:04:55,2024-08-27 08:04:55,1,0.0,0.5859999999999985,False
TIM2_2024S2_HOBO_QLF,2024-08-27 22:04:55,2024-08-27 22:04:55,1,0.0,0.5859999999999985,False
TIM2_2024S2_HOBO_QLF,2024-08-28 04:04:55,2024-08-28 08:04:55,3,4.0,0.5859999999999985,False
TIM2_2024S2_HOBO_QLF,2024-08-28 12:04:55,2024-08-28 12:04:55,1,0.0,0.5859999999999985,False
TIM2_2024S2_HOBO_QLF,2024-08-28 16:04:55,2024-08-28 16:04:55,1,0.0,0.5859999999999985,False
TIM2_2024S2_HOBO_QLF,2024-08-29 04:04:55,2024-08-29 06:04:55,2,2.0,0.5850000000000009,False
TIM2_2024S2_HOBO_QLF,2024-08-29 16:04:55,2024-08-29 16:04:55,1,0.0,0.5839999999999996,False
TIM2_2024S2_HOBO_QLF,2024-08-29 22:04:55,2024-08-29 22:04:55,1,0.0,0.5839999999999996,False
TIM2_2024S2_HOBO_QLF,2024-08-30 02:04:55,2024-08-30 02:04:55,1,0.0,0.5839999999999996,False
TIM2_2024S2_HOBO_QLF,2024-08-30 16:04:55,2024-08-30 16:04:55,1,0.0,0.5839999999999996,False
TIM2_2024S2_HOBO_QLF,2024-08-31 10:04:55,2024-08-31 14:04:55,3,4.0,0.5850000000000009,False
TIM2_2024S2_HOBO_QLF,2024-08-31 22:04:55,2024-09-01 00:04:55,2,2.0,0.5839999999999996,False
TIM2_2024S2_HOBO_QLF,2024-09-01 06:04:55,2024-09-01 06:04:55,1,0.0,0.5839999999999996,False
TIM2_2024S2_HOBO_QLF,2024-09-01 10:04:55,2024-09-01 10:04:55,1,0.0,0.5850000000000009,False
TIM2_2024S2_HOBO_QLF,2024-09-01 20:04:55,2024-09-01 20:04:55,1,0.0,0.5859999999999985,False
TIM2_2024S2_HOBO_QLF,2024-09-02 02:04:55,2024-09-02 02:04:55,1,0.0,0.5850000000000009,False
TIM2_2024S2_HOBO_QLF,2024-09-03 04:04:55,2024-09-03 06:04:55,2,2.0,0.5839999999999996,False
TIM2_2024S2_HOBO_QLF,2024-09-03 10:04:55,2024-09-03 12:04:55,2,2.0,0.5859999999999985,False
TIM2_2024S2_HOBO_QLF,2024-09-03 16:04:55,2024-09-03 16:04:55,1,0.0,0.5850000000000009,False
TIM2_2024S2_HOBO_QLF,2024-09-04 04:04:55,2024-09-04 04:04:55,1,0.0,0.5839999999999996,False
TIM2_2024S2_HOBO_QLF,2024-09-04 08:04:55,2024-09-04 08:04:55,1,0.0,0.5850000000000009,False
TIM2_2024S2_HOBO_QLF,2024-09-04 12:04:55,2024-09-04 12:04:55,1,0.0,0.5859999999999985,False
TIM2_2024S2_HOBO_QLF,2024-09-04 18:04:55,2024-09-04 20:04:55,2,2.0,0.5859999999999985,False
TIM2_2024S2_HOBO_QLF,2024-09-05 06:04:55,2024-09-05 08:04:55,2,2.0,0.5850000000000009,False
TIM2_2024S2_HOBO_QLF,2024-09-05 12:04:55,2024-09-05 12:04:55,1,0.0,0.5859999999999985,False
TIM2_2024S2_HOBO_QLF,2024-09-06 12:04:55,2024-09-06 12:04:55,1,0.0,0.5869999999999997,False
TIM2_2024S2_HOBO_QLF,2024-09-06 22:04:55,2024-09-06 22:04:55,1,0.0,0.5859999999999985,False
TIM2_2024S2_HOBO_QLF,2024-09-07 02:04:55,2024-09-07 08:04:55,4,6.0,0.5859999999999985,False
TIM2_2024S2_HOBO_QLF,2024-09-08 08:04:55,2024-09-08 08:04:55,1,0.0,0.5859999999999985,False
TIM2_2024S2_HOBO_QLF,2024-09-08 18:04:55,2024-09-08 18:04:55,1,0.0,0.5869999999999997,False
TIM2_2024S2_HOBO_QLF,2024-09-09 08:04:55,2024-09-09 10:04:55,2,2.0,0.5869999999999997,False
TIM2_2024S2_HOBO_QLF,2024-09-09 16:04:55,2024-09-09 18:04:55,2,2.0,0.5869999999999997,False
TIM2_2024S2_HOBO_QLF,2024-09-09 22:04:55,2024-09-10 16:04:55,10,18.0,0.684000000000001,False
TIM2_2024S2_HOBO_QLF,2024-09-10 20:04:55,2024-09-11 10:04:55,8,14.0,0.6849999999999987,False
TIM2_2024S2_HOBO_QLF,2024-09-11 14:04:55,2024-09-12 00:04:55,6,10.0,0.6810000000000009,False
TIM2_2025S1_HOBO_QLF,2025-02-24 01:16:04,2025-02-24 01:16:04,1,0.0,0.5890000000000022,False
TIM2_2025S1_HOBO_QLF,2025-03-03 19:16:04,2025-03-03 19:16:04,1,0.0,0.593,False
TIM2_2025S1_HOBO_QLF,2025-03-05 21:16:04,2025-03-05 23:16:04,2,2.0,0.5939999999999976,False
TIM2_2025S1_HOBO_QLF,2025-03-06 09:16:04,2025-03-06 11:16:04,2,2.0,0.5939999999999976,False
TIM2_2025S1_HOBO_QLF,2025-03-06 17:16:04,2025-03-06 17:16:04,1,0.0,0.5939999999999976,False
TIM2_2025S1_HOBO_QLF,2025-03-07 05:16:04,2025-03-07 07:16:04,2,2.0,0.5939999999999976,False
TIM2_2025S1_HOBO_QLF,2025-03-07 15:16:04,2025-03-08 03:16:04,7,12.0,0.5949999999999989,False
TIM2_2025S1_HOBO_QLF,2025-03-08 09:16:04,2025-03-08 09:16:04,1,0.0,0.5949999999999989,False
TIM2_2025S1_HOBO_QLF,2025-03-08 13:16:04,2025-03-08 23:16:04,6,10.0,0.6950000000000003,False
TIM2_2025S1_HOBO_QLF,2025-03-09 07:16:04,2025-03-09 09:16:04,2,2.0,0.5950000000000024,False
TIM2_2025S1_HOBO_QLF,2025-03-09 17:16:04,2025-03-09 17:16:04,1,0.0,0.5960000000000001,False
TIM2_2025S1_HOBO_QLF,2025-03-09 21:16:04,2025-03-09 21:16:04,1,0.0,0.5960000000000001,False
TIM2_2025S1_HOBO_QLF,2025-03-10 03:16:04,2025-03-10 07:16:04,3,4.0,0.5950000000000024,False
TIM2_2025S1_HOBO_QLF,2025-03-10 11:16:04,2025-03-12 15:16:04,27,52.0,0.6960000000000015,True
TIM2_2025S1_HOBO_QLF,2025-03-12 19:16:04,2025-03-13 13:16:04,10,18.0,0.6969999999999992,False
TIM2_2025S1_HOBO_QLF,2025-03-13 17:16:04,2025-03-27 07:16:04,164,326.0,0.7989999999999995,True
TIM2_2025S1_HOBO_QLF,2025-03-27 11:16:04,2025-03-27 13:16:04,2,2.0,0.8079999999999998,False
TIM2_2025S2_HOBO_QLF,2025-03-27 09:28:35,2025-03-27 17:28:35,5,8.0,0.8940000000000019,False
TIM2_2025S2_HOBO_QLF,2025-03-28 09:28:35,2025-03-28 13:28:35,3,4.0,0.7950000000000017,False
TIM2_2025S2_HOBO_QLF,2025-03-29 09:28:35,2025-03-29 11:28:35,2,2.0,0.6989999999999981,False
TIM2_2025S2_HOBO_QLF,2025-03-30 09:28:35,2025-03-30 13:28:35,3,4.0,0.5990000000000002,False
TIM2_2025S2_HOBO_QLF,2025-03-31 09:28:35,2025-03-31 11:28:35,2,2.0,0.6980000000000004,False
TIM2_2025S2_HOBO_QLF,2025-04-04 13:28:35,2025-04-04 13:28:35,1,0.0,0.5950000000000024,False
TIM2_2025S2_HOBO_QLF,2025-04-05 09:28:35,2025-04-05 11:28:35,2,2.0,0.6940000000000026,False
TIM2_2025S2_HOBO_QLF,2025-04-06 11:28:35,2025-04-06 11:28:35,1,0.0,0.5950000000000024,False
TIM2_2025S2_HOBO_QLF,2025-04-11 11:28:35,2025-04-11 13:28:35,2,2.0,0.6950000000000003,False
TIM2_2025S2_HOBO_QLF,2025-04-12 11:28:35,2025-04-12 11:28:35,1,0.0,0.5960000000000001,False
TIM2_2025S2_HOBO_QLF,2025-04-13 09:28:35,2025-04-13 09:28:35,1,0.0,0.5950000000000024,False
TIM2_2025S2_HOBO_QLF,2025-04-14 09:28:35,2025-04-14 13:28:35,3,4.0,0.5970000000000013,False
TIM2_2025S2_HOBO_QLF,2025-04-16 11:28:35,2025-04-16 13:28:35,2,2.0,0.5970000000000013,False
TIM2_2025S2_HOBO_QLF,2025-04-20 09:28:35,2025-04-20 11:28:35,2,2.0,0.5969999999999978,False
TIM2_2025S2_HOBO_QLF,2025-04-25 11:28:35,2025-04-25 13:28:35,2,2.0,0.5950000000000024,False
TIM2_2025S2_HOBO_QLF,2025-05-03 11:28:35,2025-05-03 11:28:35,1,0.0,0.5920000000000023,False
TIM2_2025S2_HOBO_QLF,2025-05-05 09:28:35,2025-05-05 13:28:35,3,4.0,0.5920000000000023,False
TIM2_2025S2_HOBO_QLF,2025-05-06 13:28:35,2025-05-06 13:28:35,1,0.0,0.5920000000000023,False
TIM2_2025S2_HOBO_QLF,2025-05-07 09:28:35,2025-05-07 09:28:35,1,0.0,0.5910000000000011,False
TIM2_2025S2_HOBO_QLF,2025-05-09 13:28:35,2025-05-09 13:28:35,1,0.0,0.5919999999999987,False
TIM2_2025S2_HOBO_QLF,2025-05-10 05:28:35,2025-05-10 05:28:35,1,0.0,0.5910000000000011,False
TIM2_2025S2_HOBO_QLF,2025-05-10 21:28:35,2025-05-10 21:28:35,1,0.0,0.5920000000000023,False
TIM2_2025S2_HOBO_QLF,2025-05-11 21:28:35,2025-05-11 21:28:35,1,0.0,0.5920000000000023,False
TIM2_2025S2_HOBO_QLF,2025-05-12 17:28:35,2025-05-12 17:28:35,1,0.0,0.5920000000000023,False
TIM2_2025S2_HOBO_QLF,2025-05-13 03:28:35,2025-05-13 09:28:35,4,6.0,0.5910000000000011,False
TIM2_2025S2_HOBO_QLF,2025-05-13 17:28:35,2025-05-13 17:28:35,1,0.0,0.5909999999999975,False
TIM2_2025S2_HOBO_QLF,2025-05-14 13:28:35,2025-05-14 13:28:35,1,0.0,0.5899999999999999,False
TIM2_2025S2_HOBO_QLF,2025-05-15 05:28:35,2025-05-15 05:28:35,1,0.0,0.5889999999999986,False
TIM2_2025S2_HOBO_QLF,2025-05-15 23:28:35,2025-05-15 23:28:35,1,0.0,0.5899999999999999,False
TIM2_2025S2_HOBO_QLF,2025-05-16 09:28:35,2025-05-16 09:28:35,1,0.0,0.5889999999999986,False
TIM2_2025S2_HOBO_QLF,2025-05-17 09:28:35,2025-05-17 09:28:35,1,0.0,0.5890000000000022,False
TIM2_2025S2_HOBO_QLF,2025-05-17 13:28:35,2025-05-17 17:28:35,3,4.0,0.5889999999999986,False
TIM2_2025S2_HOBO_QLF,2025-05-18 01:28:35,2025-05-18 01:28:35,1,0.0,0.5890000000000022,False
TIM2_2025S2_HOBO_QLF,2025-05-18 05:28:35,2025-05-18 05:28:35,1,0.0,0.5890000000000022,False
TIM2_2025S2_HOBO_QLF,2025-05-18 23:28:35,2025-05-18 23:28:35,1,0.0,0.5890000000000022,False
TIM2_2025S2_HOBO_QLF,2025-05-19 15:28:35,2025-05-19 15:28:35,1,0.0,0.5890000000000022,False
TIM2_2025S2_HOBO_QLF,2025-05-19 19:28:35,2025-05-19 21:28:35,2,2.0,0.5890000000000022,False
TIM2_2025S2_HOBO_QLF,2025-05-20 11:28:35,2025-05-20 15:28:35,3,4.0,0.588000000000001,False
TIM2_2025S2_HOBO_QLF,2025-05-21 17:28:35,2025-05-21 17:28:35,1,0.0,0.5869999999999997,False
TIM2_2025S2_HOBO_QLF,2025-05-22 07:28:35,2025-05-22 07:28:35,1,0.0,0.5869999999999997,False
TIM2_2025S2_HOBO_QLF,2025-05-22 15:28:35,2025-05-22 15:28:35,1,0.0,0.5869999999999997,False
TIM2_2025S2_HOBO_QLF,2025-05-22 21:28:35,2025-05-22 21:28:35,1,0.0,0.5869999999999997,False
TIM2_2025S2_HOBO_QLF,2025-05-23 11:28:35,2025-05-23 15:28:35,3,4.0,0.588000000000001,False
TIM2_2025S2_HOBO_QLF,2025-05-23 21:28:35,2025-05-24 01:28:35,3,4.0,0.5869999999999997,False
TIM2_2025S2_HOBO_QLF,2025-05-24 09:28:35,2025-05-24 09:28:35,1,0.0,0.5869999999999997,False
TIM2_2025S2_HOBO_QLF,2025-05-24 13:28:35,2025-05-24 13:28:35,1,0.0,0.588000000000001,False
TIM2_2025S2_HOBO_QLF,2025-05-24 17:28:35,2025-05-24 17:28:35,1,0.0,0.5869999999999997,False
TIM2_2025S2_HOBO_QLF,2025-05-25 07:28:35,2025-05-25 07:28:35,1,0.0,0.5869999999999997,False
TIM2_2025S2_HOBO_QLF,2025-05-25 19:28:35,2025-05-26 03:28:35,5,8.0,0.5869999999999997,False
TIM2_2025S2_HOBO_QLF,2025-05-26 07:28:35,2025-05-26 15:28:35,5,8.0,0.5869999999999997,False
TIM2_2025S2_HOBO_QLF,2025-05-26 19:28:35,2025-05-27 01:28:35,4,6.0,0.5869999999999997,False
TIM2_2025S2_HOBO_QLF,2025-05-27 05:28:35,2025-05-27 05:28:35,1,0.0,0.5869999999999997,False
TIM2_2025S2_HOBO_QLF,2025-05-27 09:28:35,2025-05-27 19:28:35,6,10.0,0.588000000000001,False
TIM2_2025S2_HOBO_QLF,2025-05-28 03:28:35,2025-05-28 15:28:35,7,12.0,0.5869999999999997,False
TIM2_2025S2_HOBO_QLF,2025-05-28 19:28:35,2025-05-28 21:28:35,2,2.0,0.5869999999999997,False
TIM2_2025S2_HOBO_QLF,2025-05-29 05:28:35,2025-05-29 11:28:35,4,6.0,0.5869999999999997,False
TIM2_2025S2_HOBO_QLF,2025-05-29 15:28:35,2025-05-29 19:28:35,3,4.0,0.5869999999999997,False
TIM2_2025S2_HOBO_QLF,2025-05-30 01:28:35,2025-05-30 05:28:35,3,4.0,0.5869999999999997,False
TIM2_2025S2_HOBO_QLF,2025-05-30 09:28:35,2025-05-30 17:28:35,5,8.0,0.588000000000001,False
TIM2_2025S2_HOBO_QLF,2025-05-30 23:28:35,2025-05-30 23:28:35,1,0.0,0.588000000000001,False
TIM2_2025S2_HOBO_QLF,2025-05-31 03:28:35,2025-05-31 15:28:35,7,12.0,0.588000000000001,False
TIM2_2025S2_HOBO_QLF,2025-05-31 19:28:35,2025-09-21 11:28:35,1353,2704.0,0.9770000000000004,True
TIM2_2025S2_HOBO_QLF,2025-09-21 15:28:35,2025-09-22 03:28:35,7,12.0,0.8940000000000019,False
