product,status,rows_before,rows_after,same_grid,temperature_blank,temperature_withheld,Temperature (degC)_changed,Luminosity (lux)_changed,Flag_T_changed,Flag_lux_changed,max_temperature_change_degC
CALIFORNIA_2019S1_HOBO_QLF.csv,compared,4704,4704,True,0,0,0,0,0,0,0.0
CALIFORNIA_2019S2_HOBO_QLF.csv,compared,1713,1713,True,0,0,0,0,0,0,0.0
CALIFORNIA_2023S1_HOBO_QLF.csv,compared,7847,7847,True,661,0,0,0,0,0,0.0
ESQCENTRAL_2024S1_HOBO_QLF.csv,compared,1926,1926,True,1567,1567,1567,0,0,0,0.0
ESQCENTRAL_2025S1_HOBO_1_QLF.csv,compared,677,677,True,0,0,0,0,0,0,0.0
ESQCENTRAL_2025S1_HOBO_2_QLF.csv,compared,2368,2368,True,0,0,0,0,0,0,0.0
ESQNORTE_2019S1_HOBO_QLF.csv,compared,4709,4709,True,36,0,0,0,0,0,0.0
ESQNORTE_2021S1_HOBO_1_QLF.csv,compared,8300,8300,True,0,0,0,0,0,0,0.0
ESQNORTE_2021S1_HOBO_2_QLF.csv,compared,5930,5930,True,0,0,0,0,0,0,0.0
ESQNORTE_2021S2_HOBO_QLF.csv,compared,2092,2092,True,0,0,0,0,0,0,0.0
ESQNORTE_2022S2_HOBO_1_QLF.csv,compared,2360,2360,True,0,0,0,0,0,0,0.0
ESQNORTE_2022S2_HOBO_2_QLF.csv,compared,2274,2274,True,176,0,0,0,0,0,0.0
ESQNORTE_2023S1_HOBO_QLF.csv,compared,2219,2219,True,1472,1452,1452,0,0,0,0.0
ESQNORTE_2023S2_HOBO_QLF.csv,compared,2621,2621,True,0,0,0,0,0,0,0.0
ESQNORTE_2025S1_HOBO_QLF.csv,compared,2414,2414,True,0,0,0,0,0,0,0.0
ESQNORTE_2025S2_HOBO_QLF.csv,compared,2127,2127,True,347,296,296,0,0,0,0.0
ESQNORTE_2026S1_HOBO_QLF.csv,compared,2168,2168,True,0,0,0,0,0,0,0.0
ESQRODO_2019S1_HOBO_QLF.csv,compared,4690,4690,True,173,0,0,0,0,0,0.0
ESQRODO_2022S1_HOBO_QLF.csv,compared,4551,4551,True,0,0,0,0,0,0,0.0
ESQRODO_2023S1_HOBO_QLF.csv,compared,2062,2062,True,107,103,103,0,0,0,0.0
ESQRODO_2023S2_HOBO_QLF.csv,compared,2676,2676,True,0,0,0,0,0,0,0.0
ESQRODO_2025S1_HOBO_1_QLF.csv,compared,6057,6057,True,337,0,0,0,0,0,0.0
ESQRODO_2025S1_HOBO_2_QLF.csv,compared,4138,4138,True,0,0,0,0,0,0,0.0
ESQRODO_2025S2_HOBO_QLF.csv,compared,2149,2149,True,0,0,0,0,0,0,0.0
ESQRODO_2026S1_HOBO_QLF.csv,compared,2172,2172,True,83,0,0,0,0,0,0.0
ESQSUL_2019S1_HOBO_QLF.csv,compared,4655,4655,True,66,0,0,0,0,0,0.0
ESQSUL_2020S1_HOBO_1_QLF.csv,compared,278,278,True,0,0,0,0,0,0,0.0
ESQSUL_2020S1_HOBO_2_QLF.csv,compared,4025,4025,True,0,0,0,0,0,0,0.0
ESQSUL_2022S2_HOBO_QLF.csv,compared,2408,2408,True,0,0,0,0,0,0,0.0
ESQSUL_2023S1_HOBO_QLF.csv,compared,2073,2073,True,6,0,0,0,0,0,0.0
ESQSUL_2023S2_HOBO_QLF.csv,compared,4971,4971,True,247,0,0,0,0,0,0.0
ESQSUL_2024S1_HOBO_QLF.csv,compared,2160,2160,True,4,0,0,0,0,0,0.0
ESQSUL_2025S1_HOBO_1_QLF.csv,compared,2388,2388,True,0,0,0,0,0,0,0.0
ESQSUL_2025S1_HOBO_2_QLF.csv,compared,1678,1678,True,0,0,0,0,0,0,0.0
ESQSUL_2026S1_HOBO_QLF.csv,compared,4285,4285,True,0,0,0,0,0,0,0.0
ESQSUL2_2021S1_HOBO_QLF.csv,compared,4241,4241,True,86,0,0,0,0,0,0.0
ESQSUL2_2022S1_HOBO_QLF.csv,compared,4599,4599,True,0,0,0,0,0,0,0.0
ESQSUL2_2023S1_HOBO_QLF.csv,compared,2089,2089,True,1,0,0,0,0,0,0.0
FAROL_2019S1_HOBO_QLF.csv,compared,2033,2033,True,0,0,0,0,0,0,0.0
PAB2_2023S1_HOBO_QLF.csv,compared,2423,2423,True,1,0,0,0,0,0,0.0
PAB3_2019S1_HOBO_QLF.csv,compared,3193,3193,True,0,0,0,0,0,0,0.0
PAB3_2019S2_HOBO_1_TEMP_ONLY_QLF.csv,compared,17670,17670,True,0,0,0,0,0,0,0.0
PAB3_2020S1_HOBO_QLF.csv,compared,9029,9029,True,704,0,0,0,0,0,0.0
PAB3_2021S1_HOBO_1_QLF.csv,compared,5615,5615,True,0,0,0,0,0,0,0.0
PAB3_2021S1_HOBO_2_QLF.csv,compared,4130,4130,True,0,0,0,0,0,0,0.0
PAB3_2021S1_HOBO_3_QLF.csv,compared,4370,4370,True,0,0,0,0,0,0,0.0
PAB3_2021S2_HOBO_QLF.csv,compared,1237,1237,True,0,0,0,0,0,0,0.0
PAB3_2022S1_HOBO_QLF.csv,compared,2539,2539,True,2326,2326,2326,0,0,0,0.0
PAB3_2022S2_HOBO_1_QLF.csv,compared,2437,2437,True,0,0,0,0,0,0,0.0
PAB3_2022S2_HOBO_2_QLF.csv,compared,2286,2286,True,2091,2091,2091,0,0,0,0.0
PAB3_2023S1_HOBO_QLF.csv,compared,2363,2363,True,2,0,0,0,0,0,0.0
PAB3_2023S2_HOBO_QLF.csv,compared,2316,2316,True,6,0,0,0,0,0,0.0
PAB3_2024S1_HOBO_QLF.csv,compared,1867,1867,True,0,0,0,0,0,0,0.0
PAB3_2024S2_HOBO_1_QLF.csv,compared,1749,1749,True,0,0,0,0,0,0,0.0
PAB3_2024S2_HOBO_2_QLF.csv,compared,2231,2231,True,0,0,0,0,0,0,0.0
PAB3_2025S1_HOBO_QLF.csv,compared,2302,2302,True,0,0,0,0,0,0,0.0
PAB3_2025S2_HOBO_QLF.csv,compared,2157,2157,True,1517,1517,1517,0,0,0,0.0
PAB3_2026S1_HOBO_QLF.csv,compared,4269,4269,True,24,0,0,0,0,0,0.0
PLES_2019S2_HOBO_QLF.csv,compared,7215,7215,True,0,0,0,0,0,0,0.0
PLES_2021S1_HOBO_1_QLF.csv,compared,225,225,True,0,0,0,0,0,0,0.0
PLES_2021S1_HOBO_2_QLF.csv,compared,5665,5665,True,0,0,0,0,0,0,0.0
PLES_2021S2_HOBO_QLF.csv,compared,1168,1168,True,115,113,113,0,0,0,0.0
PLES_2022S1_HOBO_QLF.csv,compared,2501,2501,True,0,0,0,0,0,0,0.0
PLES_2022S2_HOBO_QLF.csv,compared,2290,2290,True,0,0,0,0,0,0,0.0
PLES_2023S1_HOBO_QLF.csv,compared,2350,2350,True,0,0,0,0,0,0,0.0
PLES_2023S2_HOBO_QLF.csv,compared,2354,2354,True,0,0,0,0,0,0,0.0
PLES_2024S1_HOBO_TEMP_ONLY_QLF.csv,compared,3938,3938,True,0,0,0,0,0,0,0.0
PLES_2024S2_HOBO_1_QLF.csv,compared,1121,1121,True,0,0,0,0,0,0,0.0
PLES_2024S2_HOBO_2_QLF.csv,compared,1968,1968,True,0,0,0,0,0,0,0.0
PLES_2025S1_HOBO_QLF.csv,compared,2309,2309,True,1880,1880,1880,0,0,0,0.0
PLES_2025S2_HOBO_QLF.csv,compared,2208,2208,True,0,0,0,0,0,0,0.0
PLES_2026S1_HOBO_1_QLF.csv,compared,1902,1902,True,0,0,0,0,0,0,0.0
PLES_2026S1_HOBO_2_QLF.csv,compared,2127,2127,True,0,0,0,0,0,0,0.0
PNOR_2019S1_HOBO_QLF.csv,compared,4776,4776,True,0,0,0,0,0,0,0.0
PNOR_2020S1_HOBO_QLF.csv,compared,2241,2241,True,0,0,0,0,0,0,0.0
PNOR_2021S2_HOBO_QLF.csv,compared,1261,1261,True,0,0,0,0,0,0,0.0
PNOR_2022S1_HOBO_1_QLF.csv,compared,2586,2586,True,0,0,0,0,0,0,0.0
PNOR_2022S1_HOBO_2_QLF.csv,compared,455,455,True,0,0,0,0,0,0,0.0
PNOR_2022S2_HOBO_QLF.csv,compared,2133,2133,True,0,0,0,0,0,0,0.0
PNOR_2023S1_HOBO_QLF.csv,compared,2452,2452,True,0,0,0,0,0,0,0.0
PNOR_2023S2_HOBO_QLF.csv,compared,2320,2320,True,0,0,0,0,0,0,0.0
PNOR_2024S1_HOBO_QLF.csv,compared,1767,1767,True,1290,1289,1289,0,0,0,0.0
PNOR_2024S2_HOBO_QLF.csv,compared,2184,2184,True,0,0,0,0,0,0,0.0
PNOR_2025S1_HOBO_QLF.csv,compared,2327,2327,True,0,0,0,0,0,0,0.0
PNOR_2025S2_HOBO_QLF.csv,compared,2167,2167,True,329,329,329,0,0,0,0.0
PNOR_2026S1_HOBO_QLF.csv,compared,4236,4236,True,1819,1819,1819,0,0,0,0.0
RODORASO_2020S1_HOBO_QLF.csv,compared,2917,2917,True,0,0,0,0,0,0,0.0
RODORASO_2021S1_HOBO_QLF.csv,compared,5500,5500,True,0,0,0,0,0,0,0.0
RODORASO_2021S2_HOBO_QLF.csv,compared,1156,1156,True,1,0,0,0,0,0,0.0
RODORASO_2023S1_HOBO_QLF.csv,compared,2293,2293,True,0,0,0,0,0,0,0.0
RODORASO_2023S2_HOBO_1_QLF.csv,compared,2526,2526,True,0,0,0,0,0,0,0.0
RODORASO_2024S1_HOBO_QLF.csv,compared,3570,3570,True,0,0,0,0,0,0,0.0
RODORASO_2024S2_HOBO_QLF.csv,compared,2148,2148,True,0,0,0,0,0,0,0.0
RODORASO_2025S1_HOBO_QLF.csv,compared,2340,2340,True,1220,1219,1219,0,0,0,0.0
SGOM_2019S1_HOBO_QLF.csv,compared,4725,4725,True,0,0,0,0,0,0,0.0
SGOM_2019S2_HOBO_QLF.csv,compared,1913,1913,True,0,0,0,0,0,0,0.0
SGOM_2021S2_HOBO_QLF.csv,compared,1132,1132,True,0,0,0,0,0,0,0.0
SGOM_2022S1_HOBO_QLF.csv,compared,2544,2544,True,0,0,0,0,0,0,0.0
SGOM_2022S2_HOBO_QLF.csv,compared,4418,4418,True,0,0,0,0,0,0,0.0
SGOM_2023S2_HOBO_QLF.csv,compared,2306,2306,True,584,584,584,0,0,0,0.0
SGOM_2024S1_HOBO_QLF.csv,compared,2008,2008,True,1,0,0,0,0,0,0.0
SGOM_2024S2_HOBO_QLF.csv,compared,1980,1980,True,0,0,0,0,0,0,0.0
SGOM_2025S1_HOBO_QLF.csv,compared,2328,2328,True,0,0,0,0,0,0,0.0
SGOM_2025S2_HOBO_QLF.csv,compared,1461,1461,True,0,0,0,0,0,0,0.0
SGOM_2026S1_HOBO_QLF.csv,compared,2254,2254,True,0,0,0,0,0,0,0.0
TIM2_2019S2_HOBO_QLF.csv,compared,7131,7131,True,0,0,0,0,0,0,0.0
TIM2_2021S2_HOBO_QLF.csv,compared,1211,1211,True,0,0,0,0,0,0,0.0
TIM2_2022S1_HOBO_QLF.csv,compared,2425,2425,True,1,0,0,0,0,0,0.0
TIM2_2023S1_HOBO_QLF.csv,compared,2267,2267,True,0,0,0,0,0,0,0.0
TIM2_2024S2_HOBO_QLF.csv,compared,2097,2097,True,0,0,0,0,0,0,0.0
TIM2_2025S1_HOBO_QLF.csv,compared,2355,2355,True,192,191,191,0,0,0,0.0
TIM2_2025S2_HOBO_QLF.csv,compared,2146,2146,True,1344,1344,1344,0,0,0,0.0
TIM2_2026S1_HOBO_QLF.csv,compared,4358,4358,True,0,0,0,0,0,0,0.0
